"nid","name","library","status","kyty_handler","kyty_file","kyty_line","called","blocking"
"62KCwEMmzcM","pthread_attr_destroy","libKernel","implemented","LibKernel::PthreadAttrDestroy","src\libs\libKernel.cpp","2907","false","false"
"nsYoNRywwNg","pthread_attr_init","libKernel","implemented","LibKernel::PthreadAttrInit","src\libs\libKernel.cpp","2910","false","false"
"3PtV6p3QNX4","pthread_equal","libKernel","implemented","LibKernel::PthreadEqual","src\libs\libKernel.cpp","2885","false","false"
"0-KXaS70xy4","pthread_getspecific","libKernel","implemented","Posix::pthread_getspecific","src\libs\libKernel.cpp","1904","false","false"
"mqULNdimTn0","pthread_key_create","libKernel","implemented","Posix::pthread_key_create","src\libs\libKernel.cpp","1901","false","false"
"6BpEZuDT7YI","pthread_key_delete","libKernel","implemented","Posix::pthread_key_delete","src\libs\libKernel.cpp","1902","false","false"
"2Of0f+3mhhE","pthread_mutex_destroy","libKernel","implemented","LibKernel::PthreadMutexDestroy","src\libs\libKernel.cpp","2874","false","false"
"cmo1RIYva9o","pthread_mutex_init","libKernel","implemented","LibKernel::PthreadMutexInit","src\libs\libKernel.cpp","2875","false","false"
"smWEktiyyG0","pthread_mutexattr_destroy","libKernel","implemented","LibKernel::PthreadMutexattrDestroy","src\libs\libKernel.cpp","2877","false","false"
"F8bUHwAG284","pthread_mutexattr_init","libKernel","implemented","LibKernel::PthreadMutexattrInit","src\libs\libKernel.cpp","2878","false","false"
"iMp8QpE+XO4","pthread_mutexattr_settype","libKernel","implemented","LibKernel::PthreadMutexattrSettype","src\libs\libKernel.cpp","2879","false","false"
"14bOACANTBo","pthread_once","libKernel","implemented","Posix::pthread_once","src\libs\libKernel.cpp","2982","false","false"
"aI+OeCz8xrQ","pthread_self","libKernel","implemented","LibKernel::PthreadSelf","src\libs\libKernel.cpp","2882","false","false"
"WrOLvHU0yQM","pthread_setspecific","libKernel","implemented","Posix::pthread_setspecific","src\libs\libKernel.cpp","1903","false","false"
"T72hz6ffq08","pthread_yield","libKernel","implemented","LibKernel::PthreadYield","src\libs\libKernel.cpp","2897","false","false"
"rTXw65xmLIA","sceKernelAllocateDirectMemory","libKernel","implemented","Memory::KernelAllocateDirectMemory","src\libs\libKernel.cpp","2794","false","false"
"pO96TwzOm5E","sceKernelGetDirectMemorySize","libKernel","implemented","Memory::KernelGetDirectMemorySize","src\libs\libKernel.cpp","2791","false","false"
"NcaWUxfMNIQ","sceKernelMapDirectMemory","libKernel","implemented","Memory::KernelMapNamedDirectMemory","src\libs\libKernel.cpp","2801","false","false"
"L-Q3LEjIbgA","sceKernelMapNamedDirectMemory","libKernel","implemented","Memory::KernelMapDirectMemory","src\libs\libKernel.cpp","2799","false","false"
"8+s5BzZjxSg","scePthreadAttrGetaffinity","libKernel","implemented","LibKernel::PthreadAttrGetaffinity","src\libs\libKernel.cpp","2909","false","false"
"wtkt-teR1so","scePthreadAttrInit","libKernel","implemented","Posix::pthread_attr_init","src\libs\libKernel.cpp","1867","false","false"
"eoht7mQOCmo","scePthreadGetspecific","libKernel","implemented","LibKernel::PthreadGetspecific","src\libs\libKernel.cpp","2905","false","false"
"EI-5-jlq2dE","scePthreadGetthreadid","libKernel","implemented","LibKernel::PthreadGetthreadid","src\libs\libKernel.cpp","2901","false","false"
"geDaqgH9lTg","scePthreadKeyCreate","libKernel","implemented","LibKernel::PthreadKeyCreate","src\libs\libKernel.cpp","2902","false","false"
"PrdHuuDekhY","scePthreadKeyDelete","libKernel","implemented","LibKernel::PthreadKeyDelete","src\libs\libKernel.cpp","2903","false","false"
"HF7lK46xzjY","scePthreadMutexattrDestroy","libKernel","implemented","Posix::pthread_mutexattr_destroy","src\libs\libKernel.cpp","1891","false","false"
"dQHWEsJtoE4","scePthreadMutexattrInit","libKernel","implemented","Posix::pthread_mutexattr_init","src\libs\libKernel.cpp","1888","false","false"
"mDmgMOGVUqg","scePthreadMutexattrSettype","libKernel","implemented","Posix::pthread_mutexattr_settype","src\libs\libKernel.cpp","1889","false","false"
"ltCfaGr2JGE","scePthreadMutexDestroy","libKernel","implemented","Posix::pthread_mutex_destroy","src\libs\libKernel.cpp","1892","false","false"
"ttHNfU+qDBU","scePthreadMutexInit","libKernel","implemented","Posix::pthread_mutex_init","src\libs\libKernel.cpp","1887","false","false"
"+BzXYkqYeLE","scePthreadSetspecific","libKernel","implemented","LibKernel::PthreadSetspecific","src\libs\libKernel.cpp","2904","false","false"
"FxVZqBAA7ks","write","libKernel","implemented","LibKernel::write","src\libs\libKernel.cpp","3048","false","false"
"2JtWUUiYBXs","sceAgcGetRegisterDefaults2","libSceAgc","implemented","Gen5::GraphicsGetRegisterDefaults2","src\libs\libGraphicsDriver.cpp","157","false","false"
"wRbq6ZjNop4","sceAgcGetRegisterDefaults2Internal","libSceAgc","implemented","Gen5::GraphicsGetRegisterDefaults2Internal","src\libs\libGraphicsDriver.cpp","158","false","false"
"23LRUSvYu1M","sceAgcInit","libSceAgc","implemented","Gen5::GraphicsInit","src\libs\libGraphicsDriver.cpp","156","false","false"
"fd5Bp5tGTgo","sceAgcUnknownFuseShaderHalves","libSceAgc","implemented","Gen5::GraphicsUnknownFuseShaderHalves","src\libs\libGraphicsDriver.cpp","161","false","false"
"dolOmWH+huQ","sceAgcUnknownGetFusedShaderSize","libSceAgc","implemented","Gen5::GraphicsUnknownGetFusedShaderSize","src\libs\libGraphicsDriver.cpp","160","false","false"
"CUKn5pX-NVY","sceFontAttachDeviceCacheBuffer","libSceFont","implemented","Font::FontAttachDeviceCacheBuffer","src\libs\libFont.cpp","2219","false","false"
"3OdRkSjOcog","sceFontBindRenderer","libSceFont","implemented","Font::FontBindRenderer","src\libs\libFont.cpp","2223","false","false"
"vzHs3C8lWJk","sceFontCloseFont","libSceFont","implemented","Font::FontCloseFont","src\libs\libFont.cpp","2220","false","false"
"n590hj5Oe-k","sceFontCreateLibraryWithEdition","libSceFont","implemented","Font::FontCreateLibraryWithEdition","src\libs\libFont.cpp","2236","false","false"
"WaSFJoRWXaI","sceFontCreateRendererWithEdition","libSceFont","implemented","Font::FontCreateRendererWithEdition","src\libs\libFont.cpp","2221","false","false"
"LHDoRWVFGqk","sceFontDeleteGlyph","libSceFont","implemented","Font::FontDeleteGlyph","src\libs\libFont.cpp","2241","false","false"
"exAxkyVLt0s","sceFontDestroyRenderer","libSceFont","implemented","Font::FontDestroyRenderer","src\libs\libFont.cpp","2222","false","false"
"C-4Qw5Srlyw","sceFontGenerateCharGlyph","libSceFont","implemented","Font::FontGenerateCharGlyph","src\libs\libFont.cpp","2243","false","false"
"imxVx8lm+KM","sceFontGetHorizontalLayout","libSceFont","implemented","Font::FontGetHorizontalLayout","src\libs\libFont.cpp","2232","false","false"
"IQtleGLL5pQ","sceFontGetRenderCharGlyphMetrics","libSceFont","implemented","Font::FontGetRenderCharGlyphMetrics","src\libs\libFont.cpp","2245","false","false"
"8-zmgsxkBek","sceFontGlyphDefineAttribute","libSceFont","implemented","Font::FontGlyphDefineAttribute","src\libs\libFont.cpp","2246","false","false"
"whrS4oksXc4","sceFontMemoryInit","libSceFont","implemented","Font::FontMemoryInit","src\libs\libFont.cpp","2247","false","false"
"JzCH3SCFnAU","sceFontOpenFontInstance","libSceFont","implemented","Font::FontOpenFontInstance","src\libs\libFont.cpp","2249","false","false"
"KXUpebrFk1U","sceFontOpenFontMemory","libSceFont","implemented","Font::FontOpenFontMemory","src\libs\libFont.cpp","2250","false","false"
"cKYtVmeSTcw","sceFontOpenFontSet","libSceFont","implemented","Font::FontOpenFontSet","src\libs\libFont.cpp","2251","false","false"
"kAenWy1Zw5o","sceFontRenderCharGlyphImageHorizontal","libSceFont","implemented","Font::FontRenderCharGlyphImageHorizontal","src\libs\libFont.cpp","2253","false","false"
"gdUCnU0gHdI","sceFontRenderSurfaceInit","libSceFont","implemented","Font::FontRenderSurfaceInit","src\libs\libFont.cpp","2255","false","false"
"TMtqoFQjjbA","sceFontSetEffectSlant","libSceFont","implemented","Font::FontSetEffectSlant","src\libs\libFont.cpp","2227","false","false"
"v0phZwa4R5o","sceFontSetEffectWeight","libSceFont","implemented","Font::FontSetEffectWeight","src\libs\libFont.cpp","2228","false","false"
"N1EBMeGhf7E","sceFontSetScalePixel","libSceFont","implemented","Font::FontSetScalePixel","src\libs\libFont.cpp","2226","false","false"
"lz9y9UFO2UU","sceFontSetupRenderEffectSlant","libSceFont","implemented","Font::FontSetupRenderEffectSlant","src\libs\libFont.cpp","2230","false","false"
"XIGorvLusDQ","sceFontSetupRenderEffectWeight","libSceFont","implemented","Font::FontSetupRenderEffectWeight","src\libs\libFont.cpp","2231","false","false"
"6vGCkkQJOcI","sceFontSetupRenderScalePixel","libSceFont","implemented","Font::FontSetupRenderScalePixel","src\libs\libFont.cpp","2229","false","false"
"mz2iTY0MK4A","sceFontSupportExternalFonts","libSceFont","implemented","Font::FontSupportExternalFonts","src\libs\libFont.cpp","2287","false","false"
"SsRbbCiWoGw","sceFontSupportSystemFonts","libSceFont","implemented","Font::FontSupportSystemFonts","src\libs\libFont.cpp","2288","false","false"
"1QjhKxrsOB8","sceFontUnbindRenderer","libSceFont","implemented","Font::FontUnbindRenderer","src\libs\libFont.cpp","2225","false","false"
"oM+XCzVG3oM","sceFontSelectLibraryFt","libSceFontFt","implemented","FontFt::FontSelectLibraryFt","src\libs\libFontFt.cpp","41","false","false"
"Xx974EW-QFY","sceFontSelectRendererFt","libSceFontFt","implemented","FontFt::FontSelectRendererFt","src\libs\libFontFt.cpp","42","false","false"
"bzQExy189ZI","_init_env","libSceLibcInternal","implemented","LibC::init_env","src\libs\libC.cpp","872","false","false"
"8G2LB+A3rzg","atexit","libSceLibcInternal","implemented","LibC::atexit","src\libs\libC.cpp","873","false","false"
"NWtTN10cJzE","sceLibcHeapGetTraceInfo","libSceLibcInternal","implemented","LibcInternalExt::LibcHeapGetTraceInfo","src\libs\libC.cpp","661","false","false"
"fZo48un7LK4","sceSystemServiceParamGetInt","libSceSystemService","implemented","SystemService::SystemServiceParamGetInt","src\libs\libSystemService.cpp","555","false","false"
"HXzjK9yI30k","sceVideoOutAddFlipEvent","libSceVideoOut","implemented","VideoOut::VideoOutAddFlipEvent","src\libs\libVideoOut.cpp","22","false","false"
"pv9CI5VC+R0","sceVideoOutAdjustColor_","libSceVideoOut","implemented","VideoOut::VideoOutAdjustColor","src\libs\libVideoOut.cpp","45","false","false"
"uquVH4-Du78","sceVideoOutClose","libSceVideoOut","implemented","VideoOut::VideoOutClose","src\libs\libVideoOut.cpp","16","false","false"
"DYhhWbJSeRg","sceVideoOutColorSettingsSetGamma_","libSceVideoOut","implemented","VideoOut::VideoOutColorSettingsSetGamma","src\libs\libVideoOut.cpp","44","false","false"
"utPrVdxio-8","sceVideoOutGetOutputStatus","libSceVideoOut","implemented","VideoOut::VideoOutGetOutputStatus","src\libs\libVideoOut.cpp","38","false","false"
"1FZBKy8HeNU","sceVideoOutGetVblankStatus","libSceVideoOut","implemented","VideoOut::VideoOutGetVblankStatus","src\libs\libVideoOut.cpp","31","false","false"
"zgXifHT9ErY","sceVideoOutIsFlipPending","libSceVideoOut","implemented","VideoOut::VideoOutIsFlipPending","src\libs\libVideoOut.cpp","30","false","false"
"Up36PTk687E","sceVideoOutOpen","libSceVideoOut","implemented","VideoOut::VideoOutOpen","src\libs\libVideoOut.cpp","15","false","false"
"rKBUtgRrtbk","sceVideoOutRegisterBuffers2","libSceVideoOut","implemented","VideoOut::VideoOutRegisterBuffers2","src\libs\libVideoOut.cpp","18","false","false"
"PjS5uASwcV8","sceVideoOutSetBufferAttribute2","libSceVideoOut","implemented","VideoOut::VideoOutSetBufferAttribute2","src\libs\libVideoOut.cpp","17","false","false"
"9BcDykPmo1I","__error","ps5rt","implemented","LibKernel::get_error_addr","src\libs\libKernel.cpp","3038","false","false"
"Ou3iL1abvng","__stack_chk_fail","ps5rt","implemented","LibKernel::stack_chk_fail","src\libs\libKernel.cpp","3061","false","false"
"p5EcQeEeJAE","_sceKernelRtldSetApplicationHeapAPI","ps5rt","implemented","LibKernel::KernelRtldSetApplicationHeapAPI","src\libs\libKernel.cpp","3062","false","false"
"pB-yGZ2nQ9o","_sceKernelSetThreadAtexitCount","ps5rt","implemented","LibKernel::KernelSetThreadAtexitCount","src\libs\libKernel.cpp","3063","false","false"
"WhCc1w3EhSI","_sceKernelSetThreadAtexitReport","ps5rt","implemented","LibKernel::KernelSetThreadAtexitReport","src\libs\libKernel.cpp","3071","false","false"
"rNhWz+lvOMU","_sceKernelSetThreadDtors","ps5rt","implemented","LibKernel::KernelSetThreadDtors","src\libs\libKernel.cpp","3067","false","false"
"vNe1w4diLCs","_tls_get_addr","ps5rt","implemented","LibKernel::tls_get_addr","src\libs\libKernel.cpp","3069","false","false"
"959qrazPIrg","sceKernelGetProcParam","ps5rt","implemented","LibKernel::KernelGetProcParam","src\libs\libKernel.cpp","3033","false","false"
"RUNLFro+qok","","","missing","Psml::PsmlDispatch","src\libs\libPsml.cpp","344","false","false"
"Ikfdt-rIqCE","","","missing","Gen5::GraphicsUnknownIkfdtRIqCE","src\libs\libGraphicsDriver.cpp","237","false","false"
"iS4aWbUonl0","_Mtx_lock","","missing","LibC::MtxLock","src\libs\libC.cpp","891","false","false"
"gTuXQwP9rrs","_Mtx_unlock","","missing","LibC::MtxUnlock","src\libs\libC.cpp","894","false","false"
"zlfEH8FmyUA","_Stoul","","missing","LibcInternal::strtoul","src\libs\libC.cpp","842","false","false"
"00oCq0RwSAY","_ZN3sce4Json11Initializer27setGlobalNullAccessCallBackEPFRKNS0_5ValueENS0_9ValueTypeEPS3_PvES7_","","missing","LibJson2::JsonInitializerSetGlobalNullAccessCallback","src\libs\libJson2.cpp","987","false","false"
"PR5k1penBLM","_ZN3sce4Json11Initializer9terminateEv","","missing","LibJson2::JsonInitializerTerminate","src\libs\libJson2.cpp","937","false","false"
"zQtLRTqceMY","_ZN3sce4Json5Array9push_backERKNS0_5ValueE","","missing","LibJson2::JsonArrayPushBack","src\libs\libJson2.cpp","956","false","false"
"R7FDWtcN6f8","_ZN3sce4Json5Value9serializeERNS0_6StringE","","missing","LibJson2::JsonValueSerialize","src\libs\libJson2.cpp","960","false","false"
"3xUXnmUkXfo","_ZN3sce4Json5ValueC1ERKNS0_6ObjectE","","missing","LibJson2::JsonValueObjectCtor","src\libs\libJson2.cpp","964","false","false"
"a+W7HHlwpBs","_ZN3sce4Json6ObjectC1ERKS1_","","missing","LibJson2::JsonObjectCopyCtor","src\libs\libJson2.cpp","952","false","false"
"OJPTonqdg0I","_ZN3sce4Json6ObjectC1Ev","","missing","LibJson2::JsonObjectCtor","src\libs\libJson2.cpp","948","false","false"
"5JmzZt8twAo","_ZN3sce4Json6ObjectD1Ev","","missing","LibJson2::JsonObjectDtor","src\libs\libJson2.cpp","953","false","false"
"ERuf9y0DY84","_ZN3sce4Json6ObjectixERKNS0_6StringE","","missing","LibJson2::JsonObjectIndex","src\libs\libJson2.cpp","950","false","false"
"ONT8As5R1ug","_ZNK3sce4Json5Value8getArrayEv","","missing","LibJson2::JsonValueGetArray","src\libs\libJson2.cpp","973","false","false"
"IlsmvBtMkak","_ZNK3sce4Json5Value9getObjectEv","","missing","LibJson2::JsonValueGetObject","src\libs\libJson2.cpp","969","false","false"
"epJ6x2LV0kU","_ZNK3sce4Json5Value9getStringEv","","missing","LibJson2::JsonValueGetString","src\libs\libJson2.cpp","946","false","false"
"EUH+EmT-v9E","_ZNK3sce4Json6String6lengthEv","","missing","LibJson2::JsonStringLength","src\libs\libJson2.cpp","967","false","false"
"u70oWo92SYQ","sceAcm_ConvReverb_SharedInput","","missing","Acm::AcmConvReverbSharedInput","src\libs\libAudio.cpp","572","false","false"
"8fe55ktlNVo","sceAcmBatchStartBuffers","","missing","Acm::AcmBatchStartBuffers","src\libs\libAudio.cpp","569","false","false"
"RLN3gRlXJLE","sceAcmBatchWait","","missing","Acm::AcmBatchWait","src\libs\libAudio.cpp","570","false","false"
"ZIXln2K3XMk","sceAcmContextCreate","","missing","Acm::AcmContextCreate","src\libs\libAudio.cpp","566","false","false"
"jBgBjAj02R8","sceAcmContextDestroy","","missing","Acm::AcmContextDestroy","src\libs\libAudio.cpp","567","false","false"
"ewobAQeMo5k","sceAgcAcbAcquireMemGetSize","","missing","Gen5::GraphicsAcbAcquireMemGetSize","src\libs\libGraphicsDriver.cpp","207","false","false"
"qyM2bxYFPAk","sceAgcAcbCondExec","","missing","Gen5::GraphicsAcbCondExec","src\libs\libGraphicsDriver.cpp","208","false","false"
"ozKzBP4aki4","sceAgcAcbCondExecGetSize","","missing","Gen5::GraphicsAcbCondExecGetSize","src\libs\libGraphicsDriver.cpp","209","false","false"
"qzMN2XKGA4k","sceAgcAcbCopyData","","missing","Gen5::GraphicsAcbCopyData","src\libs\libGraphicsDriver.cpp","212","false","false"
"xAeBOa0A3kk","sceAgcAcbSetMarker","","missing","Gen5::GraphicsAcbSetMarker","src\libs\libGraphicsDriver.cpp","215","false","false"
"3ZWa3AoyWZQ","sceAgcAsyncCondExecPatchSetCommandAddress","","missing","Gen5::GraphicsCondExecPatchSetCommandAddress","src\libs\libGraphicsDriver.cpp","284","false","false"
"k-JpyR2dYAM","sceAgcAsyncCondExecPatchSetEnd","","missing","Gen5::GraphicsCondExecPatchSetEnd","src\libs\libGraphicsDriver.cpp","283","false","false"
"w1KFAHVqpaU","sceAgcCbBranch","","missing","Gen5::GraphicsCbBranch","src\libs\libGraphicsDriver.cpp","197","false","false"
"Abendgtz+3o","sceAgcCbDispatchGetSize","","missing","Gen5::GraphicsCbDispatchGetSize","src\libs\libGraphicsDriver.cpp","196","false","false"
"t7PlZ9nt5Lc","sceAgcCbNopGetSize","","missing","Gen5::GraphicsCbNopGetSize","src\libs\libGraphicsDriver.cpp","194","false","false"
"hL7C0IRpWZI","sceAgcCbQueueEndOfPipeActionGetSize","","missing","Gen5::GraphicsCbQueueEndOfPipeActionGetSize","src\libs\libGraphicsDriver.cpp","202","false","false"
"bxGoVxpdSPQ","sceAgcCbSetShRegisterRangeDirectGetSize","","missing","Gen5::GraphicsCbSetShRegisterRangeDirectGetSize","src\libs\libGraphicsDriver.cpp","199","false","false"
"YWTKOju587o","sceAgcCondExecPatchSetCommandAddress","","missing","Gen5::GraphicsCondExecPatchSetCommandAddress","src\libs\libGraphicsDriver.cpp","282","false","false"
"ORWsxIbk4TE","sceAgcCondExecPatchSetEnd","","missing","Gen5::GraphicsCondExecPatchSetEnd","src\libs\libGraphicsDriver.cpp","281","false","false"
"-vnlTPPXPrw","sceAgcDcbAcquireMemGetSize","","missing","Gen5::GraphicsDcbAcquireMemGetSize","src\libs\libGraphicsDriver.cpp","253","false","false"
"BIPexNBSGog","sceAgcDcbCondExec","","missing","Gen5::GraphicsDcbCondExec","src\libs\libGraphicsDriver.cpp","260","false","false"
"ou16V5hh5sg","sceAgcDcbCondExecGetSize","","missing","Gen5::GraphicsDcbCondExecGetSize","src\libs\libGraphicsDriver.cpp","261","false","false"
"1rZSWUv1IRc","sceAgcDcbCopyData","","missing","Gen5::GraphicsDcbCopyData","src\libs\libGraphicsDriver.cpp","254","false","false"
"w8HVkEeXPv8","sceAgcDcbDispatchIndirectGetSize","","missing","Gen5::GraphicsDcbDispatchIndirectGetSize","src\libs\libGraphicsDriver.cpp","250","false","false"
"WrdP9Zxx3lQ","sceAgcDcbDrawIndexAutoGetSize","","missing","Gen5::GraphicsDcbDrawIndexAutoGetSize","src\libs\libGraphicsDriver.cpp","241","false","false"
"6ee9Hd3EWXQ","sceAgcDcbDrawIndexGetSize","","missing","Gen5::GraphicsDcbDrawIndexGetSize","src\libs\libGraphicsDriver.cpp","236","false","false"
"ypVBz4uPKcQ","sceAgcDcbDrawIndexIndirectMulti","","missing","Gen5::GraphicsDcbDrawIndexIndirectMulti","src\libs\libGraphicsDriver.cpp","248","false","false"
"Rlx+bykm0r0","sceAgcDcbDrawIndexMultiInstanced","","missing","Gen5::GraphicsDcbDrawIndexMultiInstanced","src\libs\libGraphicsDriver.cpp","238","false","false"
"mR9j7+SfM34","sceAgcDcbDrawIndexMultiInstancedGetSize","","missing","Gen5::GraphicsDcbDrawIndexMultiInstancedGetSize","src\libs\libGraphicsDriver.cpp","239","false","false"
"qMlfB1ZhMDc","sceAgcDcbDrawIndexOffsetGetSize","","missing","Gen5::GraphicsDcbDrawIndexOffsetGetSize","src\libs\libGraphicsDriver.cpp","243","false","false"
"1q1titRBL6o","sceAgcDcbDrawIndirect","","missing","Gen5::GraphicsDcbDrawIndirect","src\libs\libGraphicsDriver.cpp","245","false","false"
"cxPZ4Wgvdj8","sceAgcDcbDrawIndirectGetSize","","missing","Gen5::GraphicsDcbDrawIndirectGetSize","src\libs\libGraphicsDriver.cpp","246","false","false"
"VEGu4dixjUg","sceAgcDcbJumpGetSize","","missing","Gen5::GraphicsDcbJumpGetSize","src\libs\libGraphicsDriver.cpp","257","false","false"
"zfcxg-ewMK8","sceAgcDcbRewind","","missing","Gen5::GraphicsDcbRewind","src\libs\libGraphicsDriver.cpp","259","false","false"
"QIXCsbipds0","sceAgcDcbRewindGetSize","","missing","Gen5::GraphicsDcbRewindGetSize","src\libs\libGraphicsDriver.cpp","258","false","false"
"LHFXRrlTPD8","sceAgcDcbSetCxRegisterDirect","","missing","Gen5::GraphicsDcbSetCxRegisterDirect","src\libs\libGraphicsDriver.cpp","224","false","false"
"1DeUNpRIDDA","sceAgcDcbSetCxRegisterDirectGetSize","","missing","Gen5::GraphicsDcbSetCxRegisterDirectGetSize","src\libs\libGraphicsDriver.cpp","225","false","false"
"QhCbS4X9Rl8","sceAgcDcbSetMarker","","missing","Gen5::GraphicsDcbSetMarker","src\libs\libGraphicsDriver.cpp","222","false","false"
"6DFuRKT4C9w","sceAgcDcbSetNumInstancesGetSize","","missing","Gen5::GraphicsDcbSetNumInstancesGetSize","src\libs\libGraphicsDriver.cpp","234","false","false"
"pFLArOT53+w","sceAgcDcbSetShRegisterDirect","","missing","Gen5::GraphicsDcbSetShRegisterDirect","src\libs\libGraphicsDriver.cpp","223","false","false"
"w4-d0n60hdo","sceAgcDcbSetUcRegisterDirect","","missing","Gen5::GraphicsDcbSetUcRegisterDirect","src\libs\libGraphicsDriver.cpp","226","false","false"
"hEK26Wdny6s","sceAgcDcbSetWorkloadComplete","","missing","Gen5::GraphicsDcbSetWorkloadComplete","src\libs\libGraphicsDriver.cpp","221","false","false"
"LFSPFmGc9Hg","sceAgcDcbSetWorkloadsActive","","missing","Gen5::GraphicsDcbSetWorkloadsActive","src\libs\libGraphicsDriver.cpp","220","false","false"
"43WJ08sSugE","sceAgcDcbWaitOnAddressGetSize","","missing","Gen5::GraphicsDcbWaitOnAddressGetSize","src\libs\libGraphicsDriver.cpp","273","false","false"
"p9tI+yTvx68","sceAgcDcbWriteDataGetSize","","missing","Gen5::GraphicsDcbWriteDataGetSize","src\libs\libGraphicsDriver.cpp","270","false","false"
"T6xuVw0KUJo","sceAgcDebugRaiseException","","missing","Gen5::GraphicsDebugRaiseException","src\libs\libGraphicsDriver.cpp","203","false","false"
"AhGvpITrf4M","sceAgcDriverAgrSubmitDcb","","missing","Gen5Driver::GraphicsDriverSubmitDcb","src\libs\libGraphicsDriver.cpp","300","false","false"
"s+VGAMDQ0AQ","sceAgcGetDataPacketPayloadRange","","missing","Gen5::GraphicsGetDataPacketPayloadRange","src\libs\libGraphicsDriver.cpp","175","false","false"
"Lkf86B98qPc","sceAgcGetPacketSize","","missing","Gen5::GraphicsGetPacketSize","src\libs\libGraphicsDriver.cpp","266","false","false"
"whb1RL7K4Ss","sceAgcSetCxRegIndirectPatchSetNumRegisters","","missing","Gen5::GraphicsSetCxRegIndirectPatchSetNumRegisters","src\libs\libGraphicsDriver.cpp","165","false","false"
"n8vgpaQg6dA","sceAgcSetRangePredication","","missing","Gen5::GraphicsSetRangePredication","src\libs\libGraphicsDriver.cpp","268","false","false"
"nCUgItdN2ms","sceAgcSetShRegIndirectPatchSetNumRegisters","","missing","Gen5::GraphicsSetShRegIndirectPatchSetNumRegisters","src\libs\libGraphicsDriver.cpp","166","false","false"
"fRG-JOH5+sI","sceAgcSetUcRegIndirectPatchSetNumRegisters","","missing","Gen5::GraphicsSetUcRegIndirectPatchSetNumRegisters","src\libs\libGraphicsDriver.cpp","167","false","false"
"Y3ymLfZ1384","sceAgcUpdatePrimState","","missing","Gen5::GraphicsUpdatePrimState","src\libs\libGraphicsDriver.cpp","172","false","false"
"Eul7AGEpjLo","sceAmprAprCommandBufferMapBegin","","missing","Ampr::AprCommandBufferMapBegin","src\libs\libAmpr.cpp","2728","false","false"
"bFEs0Gs6D2A","sceAmprAprCommandBufferMapDirectBegin","","missing","Ampr::AprCommandBufferMapDirectBegin","src\libs\libAmpr.cpp","2729","false","false"
"X169CE6G3Y4","sceAmprAprCommandBufferMapEnd","","missing","Ampr::AprCommandBufferMapEnd","src\libs\libAmpr.cpp","2730","false","false"
"mZSbNJVJpV8","sceAmprAprCommandBufferReadFileGather","","missing","Ampr::AprCommandBufferReadFileGather","src\libs\libAmpr.cpp","2724","false","false"
"BVmR1H8l+XI","sceAmprAprCommandBufferReadFileGatherScatter","","missing","Ampr::AprCommandBufferReadFileGatherScatter","src\libs\libAmpr.cpp","2726","false","false"
"Jg-AgkdJHkk","sceAmprAprCommandBufferReadFileScatter","","missing","Ampr::AprCommandBufferReadFileScatter","src\libs\libAmpr.cpp","2725","false","false"
"YPxkUDhgoNI","sceAmprAprCommandBufferResetGatherScatterState","","missing","Ampr::AprCommandBufferResetGatherScatterState","src\libs\libAmpr.cpp","2727","false","false"
"4UkZbYKVF7c","sceAmprCommandBufferConstructMarker","","missing","Ampr::CommandBufferConstructMarker","src\libs\libAmpr.cpp","2667","false","false"
"GmOguNIsuKk","sceAmprCommandBufferConstructNop","","missing","Ampr::CommandBufferConstructNop","src\libs\libAmpr.cpp","2664","false","false"
"RPCAhx-aabE","sceAmprCommandBufferGetBufferBaseAddress","","missing","Ampr::CommandBufferGetBufferBaseAddress","src\libs\libAmpr.cpp","2662","false","false"
"VEDMaQmJZng","sceAmprCommandBufferGetType","","missing","Ampr::CommandBufferGetType","src\libs\libAmpr.cpp","2661","false","false"
"tNn5WBkta60","sceAmprCommandBufferNop","","missing","Ampr::CommandBufferNop","src\libs\libAmpr.cpp","2665","false","false"
"pFQ9UHpO52s","sceAmprCommandBufferNopWithData","","missing","Ampr::CommandBufferNopWithData","src\libs\libAmpr.cpp","2666","false","false"
"mv0O8Zg0woU","sceAmprCommandBufferPopMarker","","missing","Ampr::CommandBufferPopMarker","src\libs\libAmpr.cpp","2672","false","false"
"dXPaz65HNmk","sceAmprCommandBufferPushMarker","","missing","Ampr::CommandBufferPushMarker","src\libs\libAmpr.cpp","2671","false","false"
"f12ObAMEi9A","sceAmprCommandBufferPushMarkerWithColor","","missing","Ampr::CommandBufferPushMarkerWithColor","src\libs\libAmpr.cpp","2670","false","false"
"4quckD2y7Pg","sceAmprCommandBufferSetMarker","","missing","Ampr::CommandBufferSetMarker","src\libs\libAmpr.cpp","2669","false","false"
"sWbST0oQKsc","sceAmprCommandBufferSetMarkerWithColor","","missing","Ampr::CommandBufferSetMarkerWithColor","src\libs\libAmpr.cpp","2668","false","false"
"DLfoNxTFNVk","sceAmprCommandBufferWaitOnAddress_04_00","","missing","Ampr::CommandBufferWaitOnAddress","src\libs\libAmpr.cpp","2673","false","false"
"cQb8Zr8Q0Y0","sceAmprCommandBufferWaitOnCounter_04_00","","missing","Ampr::CommandBufferWaitOnCounter","src\libs\libAmpr.cpp","2674","false","false"
"j0+3uJMxYJY","sceAmprCommandBufferWriteAddress_04_00","","missing","Ampr::CommandBufferWriteAddress","src\libs\libAmpr.cpp","2675","false","false"
"t4ExS+SwLjs","sceAmprCommandBufferWriteAddressFromCounter_04_00","","missing","Ampr::CommandBufferWriteAddressFromCounter","src\libs\libAmpr.cpp","2681","false","false"
"enZm-6GjWqw","sceAmprCommandBufferWriteAddressFromCounterPair_04_00","","missing","Ampr::CommandBufferWriteAddressFromCounterPair","src\libs\libAmpr.cpp","2683","false","false"
"bt3LHR9xjK4","sceAmprCommandBufferWriteAddressFromTimeCounter_04_00","","missing","Ampr::CommandBufferWriteAddressFromTimeCounter","src\libs\libAmpr.cpp","2679","false","false"
"jK+yuYCI7MA","sceAmprCommandBufferWriteCounter_04_00","","missing","Ampr::CommandBufferWriteCounter","src\libs\libAmpr.cpp","2677","false","false"
"kdFImtTD0hc","sceAmprMeasureCommandSizeMapBegin","","missing","Ampr::MeasureAprCommandSizeMapBegin","src\libs\libAmpr.cpp","2711","false","false"
"qvbdJc7bG+s","sceAmprMeasureCommandSizeMapDirectBegin","","missing","Ampr::MeasureAprCommandSizeMapDirectBegin","src\libs\libAmpr.cpp","2712","false","false"
"iwTNhyaemnw","sceAmprMeasureCommandSizeMapEnd","","missing","Ampr::MeasureCommandSizePopMarker","src\libs\libAmpr.cpp","2713","false","false"
"NNIZ-FMyz3M","sceAmprMeasureCommandSizeNop","","missing","Ampr::MeasureCommandSizeNop","src\libs\libAmpr.cpp","2705","false","false"
"Xp85BP3+BBI","sceAmprMeasureCommandSizeNopWithData","","missing","Ampr::MeasureCommandSizeNopWithData","src\libs\libAmpr.cpp","2706","false","false"
"pbnNnahE8vk","sceAmprMeasureCommandSizePopMarker","","missing","Ampr::MeasureCommandSizePopMarker","src\libs\libAmpr.cpp","2718","false","false"
"0RdLmAh7WVo","sceAmprMeasureCommandSizePushMarker","","missing","Ampr::MeasureCommandSizeMarker","src\libs\libAmpr.cpp","2717","false","false"
"3OfeY4pzDV0","sceAmprMeasureCommandSizePushMarkerWithColor","","missing","Ampr::MeasureCommandSizeMarkerWithColor","src\libs\libAmpr.cpp","2716","false","false"
"qesF88X4DRg","sceAmprMeasureCommandSizeReadFileGather","","missing","Ampr::MeasureCommandSizeReadFileGather","src\libs\libAmpr.cpp","2707","false","false"
"DXmgc5op8Yw","sceAmprMeasureCommandSizeReadFileGatherScatter","","missing","Ampr::MeasureCommandSizeReadFileGatherScatter","src\libs\libAmpr.cpp","2709","false","false"
"7nXGDGMXSqo","sceAmprMeasureCommandSizeReadFileScatter","","missing","Ampr::MeasureCommandSizeReadFileScatter","src\libs\libAmpr.cpp","2708","false","false"
"rddQYXM0CjM","sceAmprMeasureCommandSizeResetGatherScatterState","","missing","Ampr::MeasureCommandSizePopMarker","src\libs\libAmpr.cpp","2710","false","false"
"VGkEj4d6-Kg","sceAmprMeasureCommandSizeSetMarker","","missing","Ampr::MeasureCommandSizeMarker","src\libs\libAmpr.cpp","2715","false","false"
"tmfr97+ED5I","sceAmprMeasureCommandSizeSetMarkerWithColor","","missing","Ampr::MeasureCommandSizeMarkerWithColor","src\libs\libAmpr.cpp","2714","false","false"
"0BMj1hgG+kE","sceAmprMeasureCommandSizeWaitOnAddress_04_00","","missing","Ampr::MeasureCommandSizeFixed32","src\libs\libAmpr.cpp","2693","false","false"
"ClnsFLLLcss","sceAmprMeasureCommandSizeWaitOnCounter_04_00","","missing","Ampr::MeasureCommandSizeFixed32","src\libs\libAmpr.cpp","2694","false","false"
"4fgtGfXDrFc","sceAmprMeasureCommandSizeWriteAddress_04_00","","missing","Ampr::MeasureCommandSizeFixed32","src\libs\libAmpr.cpp","2695","false","false"
"JYd9g9L+TmE","sceAmprMeasureCommandSizeWriteAddressFromCounter_04_00","","missing","Ampr::MeasureCommandSizeFixed32","src\libs\libAmpr.cpp","2697","false","false"
"2Hw8gjMdwSY","sceAmprMeasureCommandSizeWriteAddressFromCounterPair_04_00","","missing","Ampr::MeasureCommandSizeFixed32","src\libs\libAmpr.cpp","2698","false","false"
"gAtc79UTt5E","sceAmprMeasureCommandSizeWriteAddressFromTimeCounter_04_00","","missing","Ampr::MeasureCommandSizeFixed32","src\libs\libAmpr.cpp","2696","false","false"
"I-Qm+MEso5c","sceAmprMeasureCommandSizeWriteCounter_04_00","","missing","Ampr::MeasureCommandSizeFixed32","src\libs\libAmpr.cpp","2699","false","false"
"QzB4O+bJQyA","sceKernelAprResolveFilepathsToIdsAndFileSizesForEach","","missing","Apr::ResolveFilepathsToIdsAndFileSizesForEach","src\libs\libAmpr.cpp","765","false","false"
"eYAh2vlCY-U","sceKernelAprResolveFilepathsToIdsForEach","","missing","Apr::ResolveFilepathsToIdsForEach","src\libs\libAmpr.cpp","764","false","false"
"i3HWvW35jao","sceKernelAprResolveFilepathsWithPrefixToIds","","missing","Apr::ResolveFilepathsWithPrefixToIds","src\libs\libAmpr.cpp","762","false","false"
"w5fcCG+t31g","sceKernelAprResolveFilepathsWithPrefixToIdsAndFileSizes","","missing","Apr::ResolveFilepathsWithPrefixToIdsAndFileSizes","src\libs\libAmpr.cpp","763","false","false"
"C+Khtbbx2g8","sceKernelAprResolveFilepathsWithPrefixToIdsAndFileSizesForEach","","missing","Apr::ResolveFilepathsWithPrefixToIdsAndFileSizesForEach","src\libs\libAmpr.cpp","767","false","false"
"VB-BtuIW8Xc","sceKernelAprResolveFilepathsWithPrefixToIdsForEach","","missing","Apr::ResolveFilepathsWithPrefixToIdsForEach","src\libs\libAmpr.cpp","766","false","false"
"cfwBSQyr5Ys","sceKernelDebugWriteCppExceptionInfo","","missing","cfwBSQyr5Ys","src\libs\libKernel.cpp","1921","false","false"
"DLORcroUqbc","sceKernelGetOpenPsId","","missing","LibKernel::KernelGetOpenPsId","src\libs\libKernel.cpp","3076","false","false"
"tU5e3f9gSiU","sceKernelIsTrinityMode","","missing","LibKernel::KernelIsTrinityMode","src\libs\libKernel.cpp","3034","false","false"
"rPl0INNc-M8","sceNpGameIntentGetPropertyValueString","","missing","LibNpGameIntent::NpGameIntentGetPropertyValueString","src\libs\libNet.cpp","3176","false","false"
"jEIXUAr9XE8","sceNpGameIntentReceiveIntent","","missing","LibNpGameIntent::NpGameIntentReceiveIntent","src\libs\libNet.cpp","3175","false","false"
"0HBYxYAjmf0","sceNpGameIntentTerminate","","missing","LibNpGameIntent::NpGameIntentTerminate","src\libs\libNet.cpp","3174","false","false"
"wB7IWzGp2v0","sceNpUniversalDataSystemDestroyContext","","missing","LibNpUniversalDataSystem::NpUniversalDataSystemDestroyContext","src\libs\libNet.cpp","2850","false","false"
"47UAEuQl+iI","sceNpUniversalDataSystemTerminate","","missing","LibNpUniversalDataSystem::NpUniversalDataSystemTerminate","src\libs\libNet.cpp","2909","false","false"
"gxv3i+MTEzU","scePsmlMfsrCreateContext800M3_2","","missing","Psml::PsmlContextInitialize","src\libs\libPsml.cpp","341","false","false"
"eWoKNeB6V-k","scePsmlMfsrCreateSharedResources","","missing","Psml::PsmlSharedResourcesInitialize","src\libs\libPsml.cpp","332","false","false"
"ArakEpzsZo0","scePsmlMfsrGetContextBufferRequirement800M3_2","","missing","Psml::PsmlGetContextMemoryRequirements","src\libs\libPsml.cpp","337","false","false"
"AHalTX9wFZY","scePsmlMfsrGetDispatchMfsrPacketSizeInDwords","","missing","Psml::PsmlGetWorkAreaSize","src\libs\libPsml.cpp","343","false","false"
"GHna9-DvnUk","scePsmlMfsrGetMipmapBias","","missing","Psml::PsmlGetProgress","src\libs\libPsml.cpp","345","false","false"
"+2KpvixvL6E","scePsmlMfsrGetSharedResourcesInitRequirement","","missing","Psml::PsmlGetMainMemoryRequirements","src\libs\libPsml.cpp","331","false","false"
"3WVD91e12ZQ","scePsmlMfsrInit","","missing","Psml::PsmlInitialize","src\libs\libPsml.cpp","330","false","false"
"LXq+6mIxpCw","scePsmlMfsrIsCaptureInProgress","","missing","Psml::PsmlValidateObject","src\libs\libPsml.cpp","347","false","false"
"JaLBe0P3jSU","scePsmlMfsrReleaseContext","","missing","Psml::PsmlContextFinalize","src\libs\libPsml.cpp","342","false","false"
"jEevBXmagOQ","scePsmlMfsrReleaseSharedResources","","missing","Psml::PsmlSharedResourcesFinalize","src\libs\libPsml.cpp","333","false","false"
"GJY0MvuTcs8","scePsmlMfsrRequestCapture","","missing","Psml::PsmlRequestCapture","src\libs\libPsml.cpp","346","false","false"
"FSGaTQze0UY","scePsmlMfsrSelectConfig","","missing","Psml::PsmlValidateObject","src\libs\libPsml.cpp","348","false","false"
"ErH6tKS7fzE","sceShareCaptureScreenshot","","missing","Share::ShareCaptureScreenshot","src\libs\libShare.cpp","233","false","false"
"GQTObcITIXI","sceShareCaptureScreenshotExtended","","missing","Share::ShareCaptureScreenshotExtended","src\libs\libShare.cpp","234","false","false"
"Sygnk9dr5WQ","sceShareRegisterContentEventCallback","","missing","Share::ShareRegisterContentEventCallback","src\libs\libShare.cpp","238","false","false"
"0IL1keINExQ","sceShareTerminate","","missing","LibShare::ShareTerminate","src\libs\libNet.cpp","3726","false","false"
"KnsfHKmZqFA","sceShareUnregisterContentEventCallback","","missing","Share::ShareUnregisterContentEventCallback","src\libs\libShare.cpp","235","false","false"
"NhpspxdjEKU","_nanosleep","libKernel","missing","nanosleep","src\libs\libKernel.cpp","1840","false","false"
"uWyW3v98sU4","sceKernelCheckReachability","libKernel","missing","FileSystem::KernelCheckReachability","src\libs\libKernel.cpp","2781","false","false"
"n1-v6FgU7MQ","sceKernelConfiguredFlexibleMemorySize","libKernel","missing","Memory::KernelConfiguredFlexibleMemorySize","src\libs\libKernel.cpp","2810","false","false"
"LwG8g3niqwA","sceKernelDlsym","libKernel","missing","LibKernel::KernelDlsym","src\libs\libKernel.cpp","3027","false","false"
"g0VTBxfJyu0","sceKernelGetCurrentCpu","libKernel","missing","LibKernel::KernelGetCurrentCpu","src\libs\libKernel.cpp","3073","false","false"
"tZ2yplY8MBY","sceKernelGetPageTableStats","libKernel","missing","Memory::KernelGetPageTableStats","src\libs\libKernel.cpp","2793","false","false"
"YN878uKRBbE","sceKernelMemoryPoolBatch","libKernel","missing","Memory::KernelMemoryPoolBatch","src\libs\libKernel.cpp","2819","false","false"
"Vzl66WmfLvk","sceKernelMemoryPoolCommit","libKernel","missing","Memory::KernelMemoryPoolCommit","src\libs\libKernel.cpp","2817","false","false"
"o69RpYO-Mu0","scePthreadCondSignalto","libKernel","missing","LibKernel::PthreadCondSignalto","src\libs\libKernel.cpp","2954","false","false"
"IafI2PxcPnQ","scePthreadMutexTimedlock","libKernel","missing","LibKernel::PthreadMutexTimedlock","src\libs\libKernel.cpp","2978","false","false"
"bIHoZCTomsI","scePthreadRwlockTrywrlock","libKernel","missing","LibKernel::PthreadRwlockTrywrlock","src\libs\libKernel.cpp","2939","false","false"
"VAzswvTOCzI","unlink","libKernel","missing","FileSystem::KernelUnlink","src\libs\libKernel.cpp","2991","false","false"
"LozEOU8+anM","sceAudioInInput","libSceAudioIn","missing","AudioIn::AudioInInput","src\libs\libAudio.cpp","180","false","false"
"5NE8Sjc7VC8","sceAudioInOpen","libSceAudioIn","missing","AudioIn::AudioInOpen","src\libs\libAudio.cpp","179","false","false"
"av8Z++94rs0","sceAvPlayerSetTrickSpeed","libSceAvPlayer","missing","AvPlayer::AvPlayerSetTrickSpeed","src\libs\libAudio.cpp","607","false","false"
"6DFUkCwQLa8","sceFontCharacterGetBidiLevel","libSceFont","missing","Font::FontCharacterGetBidiLevel","src\libs\libFont.cpp","2266","false","false"
"zN3+nuA0SFQ","sceFontCharacterGetTextFontCode","libSceFont","missing","Font::FontCharacterGetTextFontCode","src\libs\libFont.cpp","2268","false","false"
"mxgmMj-Mq-o","sceFontCharacterGetTextOrder","libSceFont","missing","Font::FontCharacterGetTextOrder","src\libs\libFont.cpp","2269","false","false"
"SaRlqtqaCew","sceFontCharacterLooksWhiteSpace","libSceFont","missing","Font::FontCharacterLooksWhiteSpace","src\libs\libFont.cpp","2271","false","false"
"BkjBP+YC19w","sceFontCharacterRefersTextNext","libSceFont","missing","Font::FontCharacterRefersTextNext","src\libs\libFont.cpp","2273","false","false"
"MO24vDhmS4E","sceFontCreateString","libSceFont","missing","Font::FontCreateString","src\libs\libFont.cpp","2237","false","false"
"7rogx92EEyc","sceFontCreateWritingLine","libSceFont","missing","Font::FontCreateWritingLine","src\libs\libFont.cpp","2238","false","false"
"SSCaczu2aMQ","sceFontDestroyString","libSceFont","missing","Font::FontDestroyString","src\libs\libFont.cpp","2239","false","false"
"PEjv7CVDRYs","sceFontDestroyWritingLine","libSceFont","missing","Font::FontDestroyWritingLine","src\libs\libFont.cpp","2240","false","false"
"3BrWWFU+4ts","sceFontGetVerticalLayout","libSceFont","missing","Font::FontGetVerticalLayout","src\libs\libFont.cpp","2233","false","false"
"ObkDGDBsVtw","sceFontStringGetTerminateCode","libSceFont","missing","Font::FontStringGetTerminateCode","src\libs\libFont.cpp","2257","false","false"
"o1vIEHeb6tw","sceFontStringGetWritingForm","libSceFont","missing","Font::FontStringGetWritingForm","src\libs\libFont.cpp","2259","false","false"
"hq5LffQjz-s","sceFontStringRefersRenderCharacters","libSceFont","missing","Font::FontStringRefersRenderCharacters","src\libs\libFont.cpp","2260","false","false"
"Avv7OApgCJk","sceFontStringRefersTextCharacters","libSceFont","missing","Font::FontStringRefersTextCharacters","src\libs\libFont.cpp","2261","false","false"
"oaJ1BpN2FQk","sceFontTextSourceInit","libSceFont","missing","Font::FontTextSourceInit","src\libs\libFont.cpp","2262","false","false"
"eCRMCSk96NU","sceFontTextSourceSetDefaultFont","libSceFont","missing","Font::FontTextSourceSetDefaultFont","src\libs\libFont.cpp","2264","false","false"
"OqQKX0h5COw","sceFontTextSourceSetWritingForm","libSceFont","missing","Font::FontTextSourceSetWritingForm","src\libs\libFont.cpp","2265","false","false"
"fljdejMcG1c","sceFontWritingGetRenderMetrics","libSceFont","missing","Font::FontWritingGetRenderMetrics","src\libs\libFont.cpp","2277","false","false"
"fD5rqhEXKYQ","sceFontWritingInit","libSceFont","missing","Font::FontWritingInit","src\libs\libFont.cpp","2278","false","false"
"1+DgKL0haWQ","sceFontWritingLineClear","libSceFont","missing","Font::FontWritingLineClear","src\libs\libFont.cpp","2279","false","false"
"JQKWIsS9joE","sceFontWritingLineGetOrderingSpace","libSceFont","missing","Font::FontWritingLineGetOrderingSpace","src\libs\libFont.cpp","2280","false","false"
"nlU2VnfpqTM","sceFontWritingLineGetRenderMetrics","libSceFont","missing","Font::FontWritingLineGetRenderMetrics","src\libs\libFont.cpp","2281","false","false"
"+FYcYefsVX0","sceFontWritingLineRefersRenderStep","libSceFont","missing","Font::FontWritingLineRefersRenderStep","src\libs\libFont.cpp","2282","false","false"
"wyKFUOWdu3Q","sceFontWritingLineWritesOrder","libSceFont","missing","Font::FontWritingLineWritesOrder","src\libs\libFont.cpp","2283","false","false"
"W-2WOXEHGck","sceFontWritingRefersRenderStep","libSceFont","missing","Font::FontWritingRefersRenderStep","src\libs\libFont.cpp","2284","false","false"
"f4Onl7efPEY","sceFontWritingRefersRenderStepCharacter","libSceFont","missing","Font::FontWritingRefersRenderStepCharacter","src\libs\libFont.cpp","2285","false","false"
"hvG6GfBMXg8","sceHttpAbortRequest","libSceHttp","missing","Http::HttpAbortRequest","src\libs\libNet.cpp","630","false","false"
"EY28T2bkN7k","sceHttpAddRequestHeader","libSceHttp","missing","Http::HttpAddRequestHeader","src\libs\libNet.cpp","628","false","false"
"qgxDBjorUxs","sceHttpCreateConnectionWithURL","libSceHttp","missing","Http::HttpCreateConnectionWithURL","src\libs\libNet.cpp","621","false","false"
"6381dWF+xsQ","sceHttpCreateEpoll","libSceHttp","missing","Http::HttpCreateEpoll","src\libs\libNet.cpp","616","false","false"
"Aeu5wVKkF9w","sceHttpCreateRequestWithURL","libSceHttp","missing","Http::HttpCreateRequest","src\libs\libNet.cpp","624","false","false"
"P6A3ytpsiYc","sceHttpDeleteConnection","libSceHttp","missing","Http::HttpDeleteConnection","src\libs\libNet.cpp","622","false","false"
"qe7oZ+v4PWA","sceHttpDeleteRequest","libSceHttp","missing","Http::HttpDeleteRequest","src\libs\libNet.cpp","626","false","false"
"wYhXVfS2Et4","sceHttpDestroyEpoll","libSceHttp","missing","Http::HttpDestroyEpoll","src\libs\libNet.cpp","617","false","false"
"yuO2H2Uvnos","sceHttpGetResponseContentLength","libSceHttp","missing","Http::HttpGetResponseContentLength","src\libs\libNet.cpp","634","false","false"
"0a2TBNfE3BU","sceHttpGetStatusCode","libSceHttp","missing","Http::HttpGetStatusCode","src\libs\libNet.cpp","632","false","false"
"1e2BNwI-XzE","sceHttpSendRequest","libSceHttp","missing","Http::HttpSendRequest","src\libs\libNet.cpp","629","false","false"
"-xm7kZQNpHI","sceHttpSetEpoll","libSceHttp","missing","Http::HttpSetEpoll","src\libs\libNet.cpp","618","false","false"
"s2-NPIvz+iA","sceHttpSetNonblock","libSceHttp","missing","Http::HttpSetNonblock","src\libs\libNet.cpp","612","false","false"
"htyBOoWeS58","sceHttpsSetSslCallback","libSceHttp","missing","Http::HttpsSetSslCallback","src\libs\libNet.cpp","613","false","false"
"59tL1AQBb8U","sceHttpUnsetEpoll","libSceHttp","missing","Http::HttpUnsetEpoll","src\libs\libNet.cpp","619","false","false"
"qISjDHrxONc","sceHttpWaitRequest","libSceHttp","missing","Http::HttpWaitRequest","src\libs\libNet.cpp","631","false","false"
"mmyOCxQMVYQ","sceHttp2CreateRequestWithURL","libSceHttp2","missing","LibHttp2::Http2CreateRequestWithURL","src\libs\libNet.cpp","1316","false","false"
"+wCt7fCijgk","sceHttp2CreateTemplate","libSceHttp2","missing","LibHttp2::Http2CreateTemplate","src\libs\libNet.cpp","1314","false","false"
"c8D9qIjo8EY","sceHttp2DeleteRequest","libSceHttp2","missing","LibHttp2::Http2DeleteRequest","src\libs\libNet.cpp","1339","false","false"
"pDom5-078DA","sceHttp2DeleteTemplate","libSceHttp2","missing","LibHttp2::Http2DeleteTemplate","src\libs\libNet.cpp","1315","false","false"
"o0DBQpFE13o","sceHttp2GetResponseContentLength","libSceHttp2","missing","LibHttp2::Http2GetResponseContentLength","src\libs\libNet.cpp","1334","false","false"
"9XYJwCf3lEA","sceHttp2GetStatusCode","libSceHttp2","missing","LibHttp2::Http2GetStatusCode","src\libs\libNet.cpp","1335","false","false"
"QygCNNmbGss","sceHttp2ReadData","libSceHttp2","missing","LibHttp2::Http2ReadData","src\libs\libNet.cpp","1337","false","false"
"rbqZig38AT8","sceHttp2SendRequest","libSceHttp2","missing","LibHttp2::Http2SendRequest","src\libs\libNet.cpp","1332","false","false"
"2WE3BTYVwKM","cos","libSceLibcInternal","missing","LibcInternal::cos","src\libs\libC.cpp","848","false","false"
"-P6FNMzk2Kc","cosf","libSceLibcInternal","missing","LibcInternal::cosf","src\libs\libC.cpp","845","false","false"
"efhK-YSUYYQ","localtime","libSceLibcInternal","missing","LibC::libc_localtime","src\libs\libC.cpp","880","false","false"
"YQ0navp+YIc","puts","libSceLibcInternal","missing","LibC::puts","src\libs\libC.cpp","875","false","false"
"H8ya2H00jbI","sin","libSceLibcInternal","missing","LibcInternal::sin","src\libs\libC.cpp","847","false","false"
"jMB7EFyu30Y","sincos","libSceLibcInternal","missing","LibcInternal::sincos","src\libs\libC.cpp","849","false","false"
"pztV4AF18iI","sincosf","libSceLibcInternal","missing","LibcInternal::sincosf","src\libs\libC.cpp","846","false","false"
"Q4rRL34CEeE","sinf","libSceLibcInternal","missing","LibcInternal::sinf","src\libs\libC.cpp","844","false","false"
"5Xa2ACNECdo","strcpy_s","libSceLibcInternal","missing","LibcInternal::strcpy","src\libs\libC.cpp","834","false","false"
"mXlxhmLNMPg","strtol","libSceLibcInternal","missing","LibcInternal::strtol","src\libs\libC.cpp","840","false","false"
"wLlFkwG9UcQ","time","libSceLibcInternal","missing","LibC::libc_time","src\libs\libC.cpp","877","false","false"
"ZVw46bsasAk","sceNetEpollControl","libSceNet","missing","LibNet::NetEpollControl","src\libs\libNet.cpp","197","false","false"
"SF47kB2MNTo","sceNetEpollCreate","libSceNet","missing","LibNet::NetEpollCreate","src\libs\libNet.cpp","196","false","false"
"Inp1lfL+Jdw","sceNetEpollDestroy","libSceNet","missing","LibNet::NetEpollDestroy","src\libs\libNet.cpp","199","false","false"
"drjIbDbA7UQ","sceNetEpollWait","libSceNet","missing","LibNet::NetEpollWait","src\libs\libNet.cpp","198","false","false"
"9vA2aW+CHuA","sceNetInetNtop","libSceNet","missing","LibNet::NetInetNtop","src\libs\libNet.cpp","192","false","false"
"8Kcp5d-q1Uo","sceNetInetPton","libSceNet","missing","LibNet::NetInetPton","src\libs\libNet.cpp","191","false","false"
"TSM6whtekok","sceNetShutdown","libSceNet","missing","LibNet::NetShutdown","src\libs\libNet.cpp","201","false","false"
"Z4wwCFiBELQ","sceNetCtlTerm","libSceNetCtl","missing","NetCtl::NetCtlTerm","src\libs\libNet.cpp","1361","false","false"
"9X9+cneTGUU","sceNpWebApi2DeleteUserContext","libSceNpWebApi2","missing","LibNpWebApi2::NpWebApi2DeleteUserContext","src\libs\libNet.cpp","3505","false","false"
"MsaFhR+lPE4","sceNpWebApi2PushEventCreateFilter","libSceNpWebApi2","missing","LibNpWebApi2::NpWebApi2PushEventCreateFilter","src\libs\libNet.cpp","3516","false","false"
"fIATVMo4Y1w","sceNpWebApi2PushEventDeleteHandle","libSceNpWebApi2","missing","LibNpWebApi2::NpWebApi2PushEventDeleteHandle","src\libs\libNet.cpp","3514","false","false"
"QafxeZM3WK4","sceNpWebApi2PushEventDeletePushContext","libSceNpWebApi2","missing","LibNpWebApi2::NpWebApi2PushEventDeletePushContext","src\libs\libNet.cpp","3515","false","false"
"fY3QqeNkF8k","sceNpWebApi2PushEventRegisterCallback","libSceNpWebApi2","missing","LibNpWebApi2::NpWebApi2PushEventRegisterCallback","src\libs\libNet.cpp","3517","false","false"
"m0uW+8pFyaw","scePngDecCreate","libScePngDec","missing","PngDec::PngDecCreate","src\libs\libPngDec.cpp","375","false","false"
"WC216DD3El4","scePngDecDecode","libScePngDec","missing","PngDec::PngDecDecode","src\libs\libPngDec.cpp","376","false","false"
"QbD+eENEwo8","scePngDecDelete","libScePngDec","missing","PngDec::PngDecDelete","src\libs\libPngDec.cpp","377","false","false"
"U6h4e5JRPaQ","scePngDecParseHeader","libScePngDec","missing","PngDec::PngDecParseHeader","src\libs\libPngDec.cpp","378","false","false"
"-6srIGbLTIU","scePngDecQueryMemorySize","libScePngDec","missing","PngDec::PngDecQueryMemorySize","src\libs\libPngDec.cpp","374","false","false"
"BOwybKVa3Do","sceRemoteplayTerminate","libSceRemoteplay","missing","LibRemoteplay::RemoteplayTerminate","src\libs\libNet.cpp","3872","false","false"
"6PBNpsgyaxw","sceRudpEnableInternalIOThread","libSceRudp","missing","Rudp::RudpEnableInternalIOThread","src\libs\libRudp.cpp","61","false","false"
"amuBfI-AQc4","sceRudpInit","libSceRudp","missing","Rudp::RudpInit","src\libs\libRudp.cpp","60","false","false"
"SUEVes8gvmw","sceRudpSetEventHandler","libSceRudp","missing","Rudp::RudpSetEventHandler","src\libs\libRudp.cpp","62","false","false"
"WAzWTZm1H+I","sceSaveDataTransferringMount","libSceSaveData","missing","::Libs::SaveData::SaveDataTransferringMount","src\libs\libSaveData.cpp","869","false","false"
"UaLjloJinow","sceSharePlayTerminate","libSceSharePlay","missing","LibSharePlay::SharePlayTerminate","src\libs\libNet.cpp","3948","false","false"
"mlYGfmqE3fQ","sceSigninDialogInitialize","libSceSigninDialog","missing","SigninDialog::SigninDialogInitialize","src\libs\libDialog.cpp","58","false","false"
"JlpJVoRWv7U","sceSigninDialogOpen","libSceSigninDialog","missing","SigninDialog::SigninDialogOpen","src\libs\libDialog.cpp","60","false","false"
"LXlmS6PvJdU","sceSigninDialogTerminate","libSceSigninDialog","missing","SigninDialog::SigninDialogTerminate","src\libs\libDialog.cpp","59","false","false"
"Bw31liTFT3A","sceSigninDialogUpdateStatus","libSceSigninDialog","missing","SigninDialog::SigninDialogUpdateStatus","src\libs\libDialog.cpp","62","false","false"
"4fU5yvOkVG4","sceSysmoduleGetModuleInfoForUnwind","libSceSysmodule","missing","Sysmodule::SysmoduleGetModuleInfoForUnwind","src\libs\libSysmodule.cpp","68","false","false"
"656LMQSrg6U","sceSystemServiceReceiveEvent","libSceSystemService","missing","SystemService::SystemServiceReceiveEvent","src\libs\libSystemService.cpp","557","false","false"
"bwFjS+bX9mA","sceUserServiceTerminate","libSceUserService","missing","UserService::UserServiceGetUserNumber","src\libs\libUserService.cpp","266","false","false"
"tsvEmnenz48","__cxa_atexit","libc","sharpemu","LibC::cxa_atexit","src\libs\libC.cpp","853","false","false"
"L1SBTkC+Cvw","abort","libc","sharpemu","LibC::abort","src\libs\libC.cpp","852","false","false"
"XKRegsFpEpk","catchReturnFromMain","libc","sharpemu","LibC::catchReturnFromMain","src\libs\libC.cpp","883","false","false"
"MUjC4lbHrK4","fflush","libc","sharpemu","LibcInternal::fflush","src\libs\libC.cpp","826","false","false"
"DfivPArhucg","memcmp","libc","sharpemu","LibcInternal::memcmp","src\libs\libC.cpp","830","false","false"
"Q3VBxCXhUHs","memcpy","libc","sharpemu","LibcInternal::memcpy","src\libs\libC.cpp","828","false","false"
"+P6FRGH4LfA","memmove","libc","sharpemu","LibcInternal::memmove","src\libs\libC.cpp","829","false","false"
"8zTFvBIAIN8","memset","libc","sharpemu","LibcInternal::memset","src\libs\libC.cpp","827","false","false"
"hcuQgD53UxM","printf","libc","sharpemu","LibC::libc_printf","src\libs\libC.cpp","874","false","false"
"eLdDw6l0-bU","snprintf","libc","sharpemu","LibcInternal::snprintf","src\libs\libC.cpp","850","false","false"
"ob5xAW4ln-0","strchr","libc","sharpemu","LibcInternal::strchr","src\libs\libC.cpp","837","false","false"
"Ovb2dSJOAuE","strcmp","libc","sharpemu","LibcInternal::strncmp","src\libs\libC.cpp","832","false","false"
"j4ViWNHEgww","strlen","libc","sharpemu","LibcInternal::strlen","src\libs\libC.cpp","833","false","false"
"aesyjrHVWy4","strncmp","libc","sharpemu","LibcInternal::strcmp","src\libs\libC.cpp","831","false","false"
"6sJWiWSRuqk","strncpy","libc","sharpemu","LibcInternal::strncpy","src\libs\libC.cpp","835","false","false"
"9yDWMxEFdJU","strrchr","libc","sharpemu","LibcInternal::strrchr","src\libs\libC.cpp","838","false","false"
"viiwFMaNamA","strstr","libc","sharpemu","LibcInternal::strstr","src\libs\libC.cpp","839","false","false"
"Fjc4-n1+y2g","__elf_phdr_match_addr","libKernel","sharpemu","LibKernel::elf_phdr_match_addr","src\libs\libKernel.cpp","3047","false","false"
"NNtFaKJbPt0","_close","libKernel","sharpemu","LibKernel::close","src\libs\libKernel.cpp","3059","false","false"
"6Z83sYWFlA8","_exit","libKernel","sharpemu","LibKernel::exit","src\libs\libKernel.cpp","3031","false","false"
"6c3rCVE-fTU","_open","libKernel","sharpemu","LibKernel::open","src\libs\libKernel.cpp","3029","false","false"
"DRuBt2pvICk","_read","libKernel","sharpemu","LibKernel::read","src\libs\libKernel.cpp","3043","false","false"
"8OnWXlgQlvo","_sceKernelRtldThreadAtexitDecrement","libKernel","sharpemu","LibKernel::KernelRtldThreadAtexitDecrement","src\libs\libKernel.cpp","3032","false","false"
"Tz4RNUCBbGI","_sceKernelRtldThreadAtexitIncrement","libKernel","sharpemu","LibKernel::KernelRtldThreadAtexitIncrement","src\libs\libKernel.cpp","3068","false","false"
"6xVpy0Fdq+I","_sigprocmask","libKernel","sharpemu","LibKernel::sigprocmask","src\libs\libKernel.cpp","3030","false","false"
"lLMT9vJAck0","clock_gettime","libKernel","sharpemu","clock_gettime","src\libs\libKernel.cpp","1837","false","false"
"bY-PO6JhzhQ","close","libKernel","sharpemu","FileSystem::KernelClose","src\libs\libKernel.cpp","2994","false","false"
"uMei1W9uyNo","exit","libKernel","sharpemu","LibC::exit","src\libs\libC.cpp","869","false","false"
"HoLVWNanBBc","getpid","libKernel","sharpemu","LibKernel::getpid","src\libs\libKernel.cpp","3037","false","false"
"n88vx3C5nW8","gettimeofday","libKernel","sharpemu","gettimeofday","src\libs\libKernel.cpp","1839","false","false"
"Oy6IpwgtYOk","lseek","libKernel","sharpemu","Posix::lseek","src\libs\libKernel.cpp","2984","false","false"
"yS8U2TGCe1A","nanosleep","libKernel","sharpemu","nanosleep","src\libs\libKernel.cpp","1841","false","false"
"wuCroIGjt2g","open","libKernel","sharpemu","FileSystem::KernelOpen","src\libs\libKernel.cpp","2993","false","false"
"2Q0z6rnBrTE","pthread_attr_setstacksize","libKernel","sharpemu","Posix::pthread_attr_setstacksize","src\libs\libKernel.cpp","1870","false","false"
"mkx2fVhNMsg","pthread_cond_broadcast","libKernel","sharpemu","Posix::pthread_cond_broadcast","src\libs\libKernel.cpp","1893","false","false"
"Op8TBGY5KHg","pthread_cond_wait","libKernel","sharpemu","Posix::pthread_cond_wait","src\libs\libKernel.cpp","1895","false","false"
"+U1R4WtXvoc","pthread_detach","libKernel","sharpemu","Posix::pthread_detach","src\libs\libKernel.cpp","1855","false","false"
"7H0iTOciTLo","pthread_mutex_lock","libKernel","sharpemu","Posix::pthread_mutex_lock","src\libs\libKernel.cpp","1884","false","false"
"K-jXhbt2gn4","pthread_mutex_trylock","libKernel","sharpemu","Posix::pthread_mutex_trylock","src\libs\libKernel.cpp","1885","false","false"
"2Z+PpY6CaJg","pthread_mutex_unlock","libKernel","sharpemu","Posix::pthread_mutex_unlock","src\libs\libKernel.cpp","1886","false","false"
"iGjsr1WAtI0","pthread_rwlock_rdlock","libKernel","sharpemu","LibKernel::PthreadRwlockRdlock","src\libs\libKernel.cpp","2934","false","false"
"EgmLo6EWgso","pthread_rwlock_unlock","libKernel","sharpemu","LibKernel::PthreadRwlockUnlock","src\libs\libKernel.cpp","2936","false","false"
"sIlRvQqsN2Y","pthread_rwlock_wrlock","libKernel","sharpemu","Posix::pthread_rwlock_wrlock","src\libs\libKernel.cpp","1898","false","false"
"EotR8a3ASf4","pthread_self","libKernel","sharpemu","Posix::pthread_self","src\libs\libKernel.cpp","1857","false","false"
"4R6-OvI2cEA","sceKernelAddUserEvent","libKernel","sharpemu","EventQueue::KernelAddUserEvent","src\libs\libKernel.cpp","2833","false","false"
"5TgME6AYty4","sceKernelAioDeleteRequest","libKernel","sharpemu","KernelAioDeleteRequest","src\libs\libKernel.cpp","3052","false","false"
"vYU8P9Td2Zo","sceKernelAioInitializeImpl","libKernel","sharpemu","KernelAioInitializeImpl","src\libs\libKernel.cpp","3070","false","false"
"nu4a0-arQis","sceKernelAioInitializeParam","libKernel","sharpemu","KernelAioInitializeParam","src\libs\libKernel.cpp","3056","false","false"
"HgX7+AORI58","sceKernelAioSubmitReadCommands","libKernel","sharpemu","KernelAioSubmitReadCommands","src\libs\libKernel.cpp","3053","false","false"
"B+vc2AO2Zrc","sceKernelAllocateMainDirectMemory","libKernel","sharpemu","Memory::KernelAllocateMainDirectMemory","src\libs\libKernel.cpp","2795","false","false"
"WvEu7yl3Ivg","sceKernelAprGetFileSize","libKernel","sharpemu","Apr::GetFileSize","src\libs\libAmpr.cpp","760","false","false"
"ApkYaHb8Sek","sceKernelAprGetFileStat","libKernel","sharpemu","Apr::GetFileStat","src\libs\libAmpr.cpp","759","false","false"
"WT-5NKy42fw","sceKernelAprResolveFilepathsToIds","libKernel","sharpemu","Apr::ResolveFilepathsToIds","src\libs\libAmpr.cpp","758","false","false"
"gEpBkcwxUjw","sceKernelAprResolveFilepathsToIdsAndFileSizes","libKernel","sharpemu","Apr::ResolveFilepathsToIdsAndFileSizes","src\libs\libAmpr.cpp","761","false","false"
"eE4Szl8sil8","sceKernelAprSubmitCommandBuffer","libKernel","sharpemu","Apr::SubmitCommandBuffer","src\libs\libAmpr.cpp","770","false","false"
"qvMUCyyaCSI","sceKernelAprSubmitCommandBufferAndGetId","libKernel","sharpemu","Apr::SubmitCommandBufferAndGetId","src\libs\libAmpr.cpp","771","false","false"
"ASoW5WE-UPo","sceKernelAprSubmitCommandBufferAndGetResult","libKernel","sharpemu","Apr::SubmitCommandBufferAndGetResult","src\libs\libAmpr.cpp","768","false","false"
"rqwFKI4PAiM","sceKernelAprWaitCommandBuffer","libKernel","sharpemu","Apr::WaitCommandBuffer","src\libs\libAmpr.cpp","769","false","false"
"C0f7TJcbfac","sceKernelAvailableDirectMemorySize","libKernel","sharpemu","Memory::KernelAvailableDirectMemorySize","src\libs\libKernel.cpp","2792","false","false"
"aNz11fnnzi4","sceKernelAvailableFlexibleMemorySize","libKernel","sharpemu","Memory::KernelAvailableFlexibleMemorySize","src\libs\libKernel.cpp","2809","false","false"
"2SKEx6bSq-4","sceKernelBatchMap","libKernel","sharpemu","Memory::KernelBatchMap","src\libs\libKernel.cpp","2813","false","false"
"kBJzF8x4SyE","sceKernelBatchMap2","libKernel","sharpemu","Memory::KernelBatchMap2","src\libs\libKernel.cpp","2814","false","false"
"QBi7HCK03hw","sceKernelClockGettime","libKernel","sharpemu","LibKernel::KernelClockGettime","src\libs\libKernel.cpp","2964","false","false"
"UK2Tl2DWUns","sceKernelClose","libKernel","sharpemu","FileSystem::KernelClose","src\libs\libKernel.cpp","2767","false","false"
"0NTHN1NKONI","sceKernelConvertLocaltimeToUtc","libKernel","sharpemu","LibKernel::KernelConvertLocaltimeToUtc","src\libs\libKernel.cpp","2967","false","false"
"-o5uEDpN+oY","sceKernelConvertUtcToLocaltime","libKernel","sharpemu","LibKernel::KernelConvertUtcToLocaltime","src\libs\libKernel.cpp","2968","false","false"
"D0OdFMjp46I","sceKernelCreateEqueue","libKernel","sharpemu","EventQueue::KernelCreateEqueue","src\libs\libKernel.cpp","2824","false","false"
"BpFoboUJoZU","sceKernelCreateEventFlag","libKernel","sharpemu","EventFlag::KernelCreateEventFlag","src\libs\libKernel.cpp","2848","false","false"
"188x57JYp0g","sceKernelCreateSema","libKernel","sharpemu","Semaphore::KernelCreateSema","src\libs\libKernel.cpp","2856","false","false"
"OMDRKKAZ8I4","sceKernelDebugRaiseException","libKernel","sharpemu","LibKernel::KernelDebugRaiseException","src\libs\libKernel.cpp","3060","false","false"
"zE-wXIZjLoM","sceKernelDebugRaiseExceptionOnReleaseMode","libKernel","sharpemu","LibKernel::KernelDebugRaiseExceptionOnReleaseMode","src\libs\libKernel.cpp","3077","false","false"
"jpFjmgAC5AE","sceKernelDeleteEqueue","libKernel","sharpemu","EventQueue::KernelDeleteEqueue","src\libs\libKernel.cpp","2825","false","false"
"8mql9OcQnd4","sceKernelDeleteEventFlag","libKernel","sharpemu","EventFlag::KernelDeleteEventFlag","src\libs\libKernel.cpp","2849","false","false"
"R1Jvn8bSCW8","sceKernelDeleteSema","libKernel","sharpemu","Semaphore::KernelDeleteSema","src\libs\libKernel.cpp","2857","false","false"
"BHouLQzh0X0","sceKernelDirectMemoryQuery","libKernel","sharpemu","Memory::KernelDirectMemoryQuery","src\libs\libKernel.cpp","2808","false","false"
"kBwCPsYX-m4","sceKernelFstat","libKernel","sharpemu","FileSystem::KernelFstat","src\libs\libKernel.cpp","2773","false","false"
"fTx66l5iWIA","sceKernelFsync","libKernel","sharpemu","LibKernel::KernelFsync","src\libs\libKernel.cpp","3035","false","false"
"j2AIqSqJP0w","sceKernelGetdents","libKernel","sharpemu","FileSystem::KernelGetdents","src\libs\libKernel.cpp","2778","false","false"
"kwGyyjohI50","sceKernelGetEventData","libKernel","sharpemu","EventQueue::KernelGetEventData","src\libs\libKernel.cpp","2830","false","false"
"23CPPI1tyBY","sceKernelGetEventFilter","libKernel","sharpemu","EventQueue::KernelGetEventFilter","src\libs\libKernel.cpp","2829","false","false"
"mJ7aghmgvfc","sceKernelGetEventId","libKernel","sharpemu","EventQueue::KernelGetEventId","src\libs\libKernel.cpp","2828","false","false"
"vz+pg2zdopI","sceKernelGetEventUserData","libKernel","sharpemu","EventQueue::KernelGetEventUserData","src\libs\libKernel.cpp","2827","false","false"
"4oXYe9Xmk0Q","sceKernelGetGPI","libKernel","sharpemu","LibKernel::KernelGetGPI","src\libs\libKernel.cpp","3042","false","false"
"RpQJJVKTiFM","sceKernelGetModuleInfoForUnwind","libKernel","sharpemu","LibKernel::KernelGetModuleInfoForUnwind","src\libs\libKernel.cpp","3046","false","false"
"f7KBOafysXo","sceKernelGetModuleInfoFromAddr","libKernel","sharpemu","LibKernel::KernelGetModuleInfoFromAddr","src\libs\libKernel.cpp","3045","false","false"
"4J2sUJmuHZQ","sceKernelGetProcessTime","libKernel","sharpemu","LibKernel::KernelGetProcessTime","src\libs\libKernel.cpp","2972","false","false"
"fgxnMeTNUtY","sceKernelGetProcessTimeCounter","libKernel","sharpemu","LibKernel::KernelGetProcessTimeCounter","src\libs\libKernel.cpp","2974","false","false"
"BNowx2l588E","sceKernelGetProcessTimeCounterFrequency","libKernel","sharpemu","LibKernel::KernelGetProcessTimeCounterFrequency","src\libs\libKernel.cpp","2973","false","false"
"py6L8jiVAN8","sceKernelGetSanitizerMallocReplaceExternal","libKernel","sharpemu","LibKernel::KernelGetSanitizerMallocReplaceExternal","src\libs\libKernel.cpp","3064","false","false"
"bnZxYgAFeA0","sceKernelGetSanitizerNewReplaceExternal","libKernel","sharpemu","LibKernel::KernelGetSanitizerNewReplaceExternal","src\libs\libKernel.cpp","3040","false","false"
"1j3S3n-tTW4","sceKernelGetTscFrequency","libKernel","sharpemu","LibKernel::KernelGetTscFrequency","src\libs\libKernel.cpp","2971","false","false"
"jh+8XiK4LeE","sceKernelIsAddressSanitizerEnabled","libKernel","sharpemu","Memory::KernelIsAddressSanitizerEnabled","src\libs\libKernel.cpp","2806","false","false"
"oib76F-12fk","sceKernelLseek","libKernel","sharpemu","FileSystem::KernelLseek","src\libs\libKernel.cpp","2777","false","false"
"BQQniolj9tQ","sceKernelMapDirectMemory2","libKernel","sharpemu","Memory::KernelMapDirectMemory2","src\libs\libKernel.cpp","2800","false","false"
"IWIBBdTHit4","sceKernelMapFlexibleMemory","libKernel","sharpemu","Memory::KernelMapFlexibleMemory","src\libs\libKernel.cpp","2786","false","false"
"mL8NDH86iQI","sceKernelMapNamedFlexibleMemory","libKernel","sharpemu","Memory::KernelMapNamedFlexibleMemory","src\libs\libKernel.cpp","2785","false","false"
"1-LFLmRFxxM","sceKernelMkdir","libKernel","sharpemu","FileSystem::KernelMkdir","src\libs\libKernel.cpp","2779","false","false"
"vSMAm3cxYTY","sceKernelMprotect","libKernel","sharpemu","Memory::KernelMprotect","src\libs\libKernel.cpp","2811","false","false"
"9bfdLIyuwCY","sceKernelMtypeprotect","libKernel","sharpemu","Memory::KernelMtypeprotect","src\libs\libKernel.cpp","2812","false","false"
"cQke9UuBQOk","sceKernelMunmap","libKernel","sharpemu","Memory::KernelMunmap","src\libs\libKernel.cpp","2790","false","false"
"QvsZxomvUHs","sceKernelNanosleep","libKernel","sharpemu","LibKernel::KernelNanosleep","src\libs\libKernel.cpp","3026","false","false"
"1G3lF1Gg1k8","sceKernelOpen","libKernel","sharpemu","FileSystem::KernelOpen","src\libs\libKernel.cpp","2766","false","false"
"+r3rMFwItV4","sceKernelPread","libKernel","sharpemu","FileSystem::KernelPread","src\libs\libKernel.cpp","2770","false","false"
"Cg4srZ6TKbU","sceKernelRead","libKernel","sharpemu","FileSystem::KernelRead","src\libs\libKernel.cpp","2768","false","false"
"-2IRUCO--PM","sceKernelReadTsc","libKernel","sharpemu","LibKernel::KernelReadTsc","src\libs\libKernel.cpp","2970","false","false"
"MBuItvba6z8","sceKernelReleaseDirectMemory","libKernel","sharpemu","Memory::KernelReleaseDirectMemory","src\libs\libKernel.cpp","2805","false","false"
"52NcYU9+lEo","sceKernelRename","libKernel","sharpemu","FileSystem::KernelRename","src\libs\libKernel.cpp","2775","false","false"
"naInUjYt3so","sceKernelRmdir","libKernel","sharpemu","FileSystem::KernelRmdir","src\libs\libKernel.cpp","2780","false","false"
"IOnSvHzqu6A","sceKernelSetEventFlag","libKernel","sharpemu","EventFlag::KernelSetEventFlag","src\libs\libKernel.cpp","2852","false","false"
"DGMG3JshrZU","sceKernelSetVirtualRangeName","libKernel","sharpemu","Memory::KernelSetVirtualRangeName","src\libs\libKernel.cpp","2787","false","false"
"4czppHBiriw","sceKernelSignalSema","libKernel","sharpemu","Semaphore::KernelSignalSema","src\libs\libKernel.cpp","2860","false","false"
"eV9wAD2riIA","sceKernelStat","libKernel","sharpemu","FileSystem::KernelStat","src\libs\libKernel.cpp","2772","false","false"
"F6e0kwo4cnk","sceKernelTriggerUserEvent","libKernel","sharpemu","EventQueue::KernelTriggerUserEvent","src\libs\libKernel.cpp","2835","false","false"
"AUXVxWeJU-A","sceKernelUnlink","libKernel","sharpemu","FileSystem::KernelUnlink","src\libs\libKernel.cpp","2774","false","false"
"1jfXLRVzisc","sceKernelUsleep","libKernel","sharpemu","LibKernel::KernelUsleep","src\libs\libKernel.cpp","3024","false","false"
"Xjoosiw+XPI","sceKernelUuidCreate","libKernel","sharpemu","LibKernel::KernelUuidCreate","src\libs\libKernel.cpp","3075","false","false"
"rVjRvHJ0X6c","sceKernelVirtualQuery","libKernel","sharpemu","Memory::KernelVirtualQuery","src\libs\libKernel.cpp","2796","false","false"
"fzyMKs9kim0","sceKernelWaitEqueue","libKernel","sharpemu","EventQueue::KernelWaitEqueue","src\libs\libKernel.cpp","2826","false","false"
"JTvBflhYazQ","sceKernelWaitEventFlag","libKernel","sharpemu","EventFlag::KernelWaitEventFlag","src\libs\libKernel.cpp","2851","false","false"
"Zxa0VhQVTsk","sceKernelWaitSema","libKernel","sharpemu","Semaphore::KernelWaitSema","src\libs\libKernel.cpp","2858","false","false"
"4wSze92BhLI","sceKernelWrite","libKernel","sharpemu","FileSystem::KernelWrite","src\libs\libKernel.cpp","2769","false","false"
"x1X76arYMxU","scePthreadAttrGet","libKernel","sharpemu","LibKernel::PthreadAttrGet","src\libs\libKernel.cpp","2908","false","false"
"JaRMy+QcpeU","scePthreadAttrGetdetachstate","libKernel","sharpemu","LibKernel::PthreadAttrGetdetachstate","src\libs\libKernel.cpp","2911","false","false"
"FXPWHNk8Of0","scePthreadAttrGetschedparam","libKernel","sharpemu","Posix::pthread_attr_getschedparam","src\libs\libKernel.cpp","1882","false","false"
"3qxgM4ezETA","scePthreadAttrSetaffinity","libKernel","sharpemu","LibKernel::PthreadAttrSetaffinity","src\libs\libKernel.cpp","2927","false","false"
"-Wreprtu0Qs","scePthreadAttrSetdetachstate","libKernel","sharpemu","LibKernel::PthreadAttrSetdetachstate","src\libs\libKernel.cpp","2921","false","false"
"eXbUSpEaTsA","scePthreadAttrSetinheritsched","libKernel","sharpemu","LibKernel::PthreadAttrSetinheritsched","src\libs\libKernel.cpp","2923","false","false"
"DzES9hQF4f4","scePthreadAttrSetschedparam","libKernel","sharpemu","LibKernel::PthreadAttrSetschedparam","src\libs\libKernel.cpp","2924","false","false"
"4+h9EzwKF4I","scePthreadAttrSetschedpolicy","libKernel","sharpemu","LibKernel::PthreadAttrSetschedpolicy","src\libs\libKernel.cpp","2925","false","false"
"Bvn74vj6oLo","scePthreadAttrSetstack","libKernel","sharpemu","LibKernel::PthreadAttrSetstack","src\libs\libKernel.cpp","2917","false","false"
"UTXzJbWhhTE","scePthreadAttrSetstacksize","libKernel","sharpemu","LibKernel::PthreadAttrSetstacksize","src\libs\libKernel.cpp","2919","false","false"
"waPcxYiR3WA","scePthreadCondattrDestroy","libKernel","sharpemu","LibKernel::PthreadCondattrDestroy","src\libs\libKernel.cpp","2959","false","false"
"m5-2bsNfv7s","scePthreadCondattrInit","libKernel","sharpemu","LibKernel::PthreadCondattrInit","src\libs\libKernel.cpp","2957","false","false"
"JGgj7Uvrl+A","scePthreadCondBroadcast","libKernel","sharpemu","LibKernel::PthreadCondBroadcast","src\libs\libKernel.cpp","2951","false","false"
"g+PZd2hiacg","scePthreadCondDestroy","libKernel","sharpemu","LibKernel::PthreadCondDestroy","src\libs\libKernel.cpp","2948","false","false"
"2Tb92quprl0","scePthreadCondInit","libKernel","sharpemu","LibKernel::PthreadCondInit","src\libs\libKernel.cpp","2946","false","false"
"kDh-NfxgMtE","scePthreadCondSignal","libKernel","sharpemu","LibKernel::PthreadCondSignal","src\libs\libKernel.cpp","2952","false","false"
"BmMjYxmew1w","scePthreadCondTimedwait","libKernel","sharpemu","LibKernel::PthreadCondTimedwait","src\libs\libKernel.cpp","2955","false","false"
"WKAXJ4XBPQ4","scePthreadCondWait","libKernel","sharpemu","LibKernel::PthreadCondWait","src\libs\libKernel.cpp","2950","false","false"
"6UgtwV+0zb4","scePthreadCreate","libKernel","sharpemu","LibKernel::PthreadCreate","src\libs\libKernel.cpp","2884","false","false"
"4qGrR6eoP9Y","scePthreadDetach","libKernel","sharpemu","LibKernel::PthreadDetach","src\libs\libKernel.cpp","2887","false","false"
"3kg7rT0NQIs","scePthreadExit","libKernel","sharpemu","LibKernel::PthreadExit","src\libs\libKernel.cpp","2888","false","false"
"How7B8Oet6k","scePthreadGetname","libKernel","sharpemu","LibKernel::PthreadGetname","src\libs\libKernel.cpp","2891","false","false"
"1tKyG7RlMJo","scePthreadGetprio","libKernel","sharpemu","LibKernel::PthreadGetprio","src\libs\libKernel.cpp","2895","false","false"
"onNY9Byn-W8","scePthreadJoin","libKernel","sharpemu","LibKernel::PthreadJoin","src\libs\libKernel.cpp","2886","false","false"
"1FGvU0i9saQ","scePthreadMutexattrSetprotocol","libKernel","sharpemu","LibKernel::PthreadMutexattrSetprotocol","src\libs\libKernel.cpp","2880","false","false"
"9UK1vLZQft4","scePthreadMutexLock","libKernel","sharpemu","LibKernel::PthreadMutexLock","src\libs\libKernel.cpp","2872","false","false"
"upoVrzMHFeE","scePthreadMutexTrylock","libKernel","sharpemu","LibKernel::PthreadMutexTrylock","src\libs\libKernel.cpp","2876","false","false"
"tn3VlD0hG60","scePthreadMutexUnlock","libKernel","sharpemu","LibKernel::PthreadMutexUnlock","src\libs\libKernel.cpp","2873","false","false"
"GBUY7ywdULE","scePthreadRename","libKernel","sharpemu","LibKernel::PthreadRename","src\libs\libKernel.cpp","2892","false","false"
"i2ifZ3fS2fo","scePthreadRwlockattrDestroy","libKernel","sharpemu","LibKernel::PthreadRwlockattrDestroy","src\libs\libKernel.cpp","2940","false","false"
"yOfGg-I1ZII","scePthreadRwlockattrInit","libKernel","sharpemu","LibKernel::PthreadRwlockattrInit","src\libs\libKernel.cpp","2941","false","false"
"BB+kb08Tl9A","scePthreadRwlockDestroy","libKernel","sharpemu","LibKernel::PthreadRwlockDestroy","src\libs\libKernel.cpp","2932","false","false"
"6ULAa0fq4jA","scePthreadRwlockInit","libKernel","sharpemu","LibKernel::PthreadRwlockInit","src\libs\libKernel.cpp","2930","false","false"
"Ox9i0c7L5w0","scePthreadRwlockRdlock","libKernel","sharpemu","LibKernel::PthreadRwlockRdlock","src\libs\libKernel.cpp","2933","false","false"
"+L98PIbGttk","scePthreadRwlockUnlock","libKernel","sharpemu","LibKernel::PthreadRwlockUnlock","src\libs\libKernel.cpp","2935","false","false"
"mqdNorrB+gI","scePthreadRwlockWrlock","libKernel","sharpemu","LibKernel::PthreadRwlockWrlock","src\libs\libKernel.cpp","2937","false","false"
"bt3CTBKmGyI","scePthreadSetaffinity","libKernel","sharpemu","LibKernel::PthreadSetaffinity","src\libs\libKernel.cpp","2893","false","false"
"W0Hpm2X0uPE","scePthreadSetprio","libKernel","sharpemu","LibKernel::PthreadSetprio","src\libs\libKernel.cpp","2896","false","false"
"cDW233RAwWo","sem_destroy","libKernel","sharpemu","Posix::sem_destroy","src\libs\libKernel.cpp","1845","false","false"
"pDuPEf3m4fI","sem_init","libKernel","sharpemu","Posix::sem_init","src\libs\libKernel.cpp","1844","false","false"
"IKP8typ0QUk","sem_post","libKernel","sharpemu","Posix::sem_post","src\libs\libKernel.cpp","1850","false","false"
"YCV5dGGBcCo","sem_wait","libKernel","sharpemu","Posix::sem_wait","src\libs\libKernel.cpp","1846","false","false"
"QcteRwbsnV0","usleep","libKernel","sharpemu","LibKernel::KernelUsleep","src\libs\libKernel.cpp","3025","false","false"
"KT-hTp-Ch14","sceAgcAcbAcquireMem","libSceAgc","sharpemu","Gen5::GraphicsAcbAcquireMem","src\libs\libGraphicsDriver.cpp","206","false","false"
"j3EtxFkSIhQ","sceAgcAcbDispatchIndirect","libSceAgc","sharpemu","Gen5::GraphicsAcbDispatchIndirect","src\libs\libGraphicsDriver.cpp","213","false","false"
"-RnpfpxIhec","sceAgcAcbDmaData","libSceAgc","sharpemu","Gen5::GraphicsAcbDmaData","src\libs\libGraphicsDriver.cpp","211","false","false"
"cFazmnXpJOE","sceAgcAcbEventWrite","libSceAgc","sharpemu","Gen5::GraphicsAcbEventWrite","src\libs\libGraphicsDriver.cpp","205","false","false"
"6mFxkVqdmbQ","sceAgcAcbPopMarker","libSceAgc","sharpemu","Gen5::GraphicsAcbPopMarker","src\libs\libGraphicsDriver.cpp","217","false","false"
"cpCILPya5Zk","sceAgcAcbPushMarker","libSceAgc","sharpemu","Gen5::GraphicsAcbPushMarker","src\libs\libGraphicsDriver.cpp","216","false","false"
"JrtiDtKeS38","sceAgcAcbResetQueue","libSceAgc","sharpemu","Gen5::GraphicsAcbResetQueue","src\libs\libGraphicsDriver.cpp","204","false","false"
"htn36gPnBk4","sceAgcAcbWaitRegMem","libSceAgc","sharpemu","Gen5::GraphicsAcbWaitRegMem","src\libs\libGraphicsDriver.cpp","210","false","false"
"eZ4+17OQz4Q","sceAgcAcbWriteData","libSceAgc","sharpemu","Gen5::GraphicsAcbWriteData","src\libs\libGraphicsDriver.cpp","214","false","false"
"k3GhuSNmBLU","sceAgcCbDispatch","libSceAgc","sharpemu","Gen5::GraphicsCbDispatch","src\libs\libGraphicsDriver.cpp","195","false","false"
"LtTouSCZjHM","sceAgcCbNop","libSceAgc","sharpemu","Gen5::GraphicsCbNop","src\libs\libGraphicsDriver.cpp","193","false","false"
"wr23dPKyWc0","sceAgcCbReleaseMem","libSceAgc","sharpemu","Gen5::GraphicsCbReleaseMem","src\libs\libGraphicsDriver.cpp","201","false","false"
"n2fD4A+pb+g","sceAgcCbSetShRegisterRangeDirect","libSceAgc","sharpemu","Gen5::GraphicsCbSetShRegisterRangeDirect","src\libs\libGraphicsDriver.cpp","198","false","false"
"UZbQjYAwwXM","sceAgcCbSetShRegistersDirect","libSceAgc","sharpemu","Gen5::GraphicsCbSetShRegistersDirect","src\libs\libGraphicsDriver.cpp","200","false","false"
"HV4j+E0MBHE","sceAgcCreateInterpolantMapping","libSceAgc","sharpemu","Gen5::GraphicsCreateInterpolantMapping","src\libs\libGraphicsDriver.cpp","173","false","false"
"D9sr1xGUriE","sceAgcCreatePrimState","libSceAgc","sharpemu","Gen5::GraphicsCreatePrimState","src\libs\libGraphicsDriver.cpp","171","false","false"
"f3dg2CSgRKY","sceAgcCreateShader","libSceAgc","sharpemu","Gen5::GraphicsCreateShader","src\libs\libGraphicsDriver.cpp","159","false","false"
"57labkp+rSQ","sceAgcDcbAcquireMem","libSceAgc","sharpemu","Gen5::GraphicsDcbAcquireMem","src\libs\libGraphicsDriver.cpp","252","false","false"
"CtB+A9-VxO0","sceAgcDcbDispatchIndirect","libSceAgc","sharpemu","Gen5::GraphicsDcbDispatchIndirect","src\libs\libGraphicsDriver.cpp","249","false","false"
"WmAc2MEj6Io","sceAgcDcbDmaData","libSceAgc","sharpemu","Gen5::GraphicsDcbDmaData","src\libs\libGraphicsDriver.cpp","255","false","false"
"q88lQ+GP5Yk","sceAgcDcbDrawIndex","libSceAgc","sharpemu","Gen5::GraphicsDcbDrawIndex","src\libs\libGraphicsDriver.cpp","235","false","false"
"Yw0jKSqop+E","sceAgcDcbDrawIndexAuto","libSceAgc","sharpemu","Gen5::GraphicsDcbDrawIndexAuto","src\libs\libGraphicsDriver.cpp","240","false","false"
"t1vNu082-jM","sceAgcDcbDrawIndexIndirect","libSceAgc","sharpemu","Gen5::GraphicsDcbDrawIndexIndirect","src\libs\libGraphicsDriver.cpp","247","false","false"
"B+aG9DUnTKA","sceAgcDcbDrawIndexOffset","libSceAgc","sharpemu","Gen5::GraphicsDcbDrawIndexOffset","src\libs\libGraphicsDriver.cpp","242","false","false"
"aJf+j5yntiU","sceAgcDcbEventWrite","libSceAgc","sharpemu","Gen5::GraphicsDcbEventWrite","src\libs\libGraphicsDriver.cpp","251","false","false"
"vuSXe69VILM","sceAgcDcbGetLodStats","libSceAgc","sharpemu","Gen5::GraphicsDcbGetLodStats","src\libs\libGraphicsDriver.cpp","271","false","false"
"xSAR0LTcRKM","sceAgcDcbJump","libSceAgc","sharpemu","Gen5::GraphicsDcbJump","src\libs\libGraphicsDriver.cpp","256","false","false"
"H7uZqCoNuWk","sceAgcDcbPopMarker","libSceAgc","sharpemu","Gen5::GraphicsDcbPopMarker","src\libs\libGraphicsDriver.cpp","275","false","false"
"+kSrjIVxKFE","sceAgcDcbPushMarker","libSceAgc","sharpemu","Gen5::GraphicsDcbPushMarker","src\libs\libGraphicsDriver.cpp","274","false","false"
"TRO721eVt4g","sceAgcDcbResetQueue","libSceAgc","sharpemu","Gen5::GraphicsDcbResetQueue","src\libs\libGraphicsDriver.cpp","218","false","false"
"RmaJwLtc8rY","sceAgcDcbSetBaseIndirectArgs","libSceAgc","sharpemu","Gen5::GraphicsDcbSetBaseIndirectArgs","src\libs\libGraphicsDriver.cpp","244","false","false"
"ZvwO9euwYzc","sceAgcDcbSetCxRegistersIndirect","libSceAgc","sharpemu","Gen5::GraphicsDcbSetCxRegistersIndirect","src\libs\libGraphicsDriver.cpp","227","false","false"
"YUeqkyT7mEQ","sceAgcDcbSetFlip","libSceAgc","sharpemu","Gen5::GraphicsDcbSetFlip","src\libs\libGraphicsDriver.cpp","285","false","false"
"l4fM9K-Lyks","sceAgcDcbSetIndexBuffer","libSceAgc","sharpemu","Gen5::GraphicsDcbSetIndexBuffer","src\libs\libGraphicsDriver.cpp","231","false","false"
"8N2tmT3jmC8","sceAgcDcbSetIndexCount","libSceAgc","sharpemu","Gen5::GraphicsDcbSetIndexCount","src\libs\libGraphicsDriver.cpp","232","false","false"
"tSBxhAPyytQ","sceAgcDcbSetNumInstances","libSceAgc","sharpemu","Gen5::GraphicsDcbSetNumInstances","src\libs\libGraphicsDriver.cpp","233","false","false"
"bbFueFP+J4k","sceAgcDcbSetPredication","libSceAgc","sharpemu","Gen5::GraphicsDcbSetPredication","src\libs\libGraphicsDriver.cpp","262","false","false"
"-HOOCn0JY48","sceAgcDcbSetShRegistersIndirect","libSceAgc","sharpemu","Gen5::GraphicsDcbSetShRegistersIndirect","src\libs\libGraphicsDriver.cpp","228","false","false"
"hvUfkUIQcOE","sceAgcDcbSetUcRegistersIndirect","libSceAgc","sharpemu","Gen5::GraphicsDcbSetUcRegistersIndirect","src\libs\libGraphicsDriver.cpp","229","false","false"
"u2T2DiA5hRI","sceAgcDcbStallCommandBufferParser","libSceAgc","sharpemu","Gen5::GraphicsDcbStallCommandBufferParser","src\libs\libGraphicsDriver.cpp","276","false","false"
"VmW0Tdpy420","sceAgcDcbWaitRegMem","libSceAgc","sharpemu","Gen5::GraphicsDcbWaitRegMem","src\libs\libGraphicsDriver.cpp","272","false","false"
"MWiElSNE8j8","sceAgcDcbWaitUntilSafeForRendering","libSceAgc","sharpemu","Gen5::GraphicsDcbWaitUntilSafeForRendering","src\libs\libGraphicsDriver.cpp","219","false","false"
"i1jyy49AjXU","sceAgcDcbWriteData","libSceAgc","sharpemu","Gen5::GraphicsDcbWriteData","src\libs\libGraphicsDriver.cpp","269","false","false"
"IxYiarKlXxM","sceAgcDmaDataPatchSetDstAddressOrOffset","libSceAgc","sharpemu","Gen5::GraphicsDmaDataPatchSetDstAddressOrOffset","src\libs\libGraphicsDriver.cpp","264","false","false"
"cdDRpqcFGbU","sceAgcDmaDataPatchSetSrcAddressOrOffsetOrImmediate","libSceAgc","sharpemu","Gen5::GraphicsDmaDataPatchSetSrcAddressOrOffsetOrImmediate","src\libs\libGraphicsDriver.cpp","265","false","false"
"F0ZXt5q0ZTA","sceAgcDriverGetDefaultOwner","libSceAgc","sharpemu","Gen5::GraphicsDriverGetDefaultOwner","src\libs\libGraphicsDriver.cpp","184","false","false"
"uJziRsODk1c","sceAgcDriverGetResourceRegistrationMaxNameLength","libSceAgc","sharpemu","Gen5::GraphicsDriverGetResourceRegistrationMaxNameLength","src\libs\libGraphicsDriver.cpp","187","false","false"
"F0Y42t-3e18","sceAgcDriverInitResourceRegistration","libSceAgc","sharpemu","Gen5::GraphicsDriverInitResourceRegistration","src\libs\libGraphicsDriver.cpp","185","false","false"
"AOLcoIkQDgM","sceAgcDriverQueryResourceRegistrationUserMemoryRequirements","libSceAgc","sharpemu","Gen5::GraphicsDriverQueryResourceRegistrationUserMemoryRequirements","src\libs\libGraphicsDriver.cpp","186","false","false"
"U9ueyEhSkF4","sceAgcDriverRegisterDefaultOwner","libSceAgc","sharpemu","Gen5Driver::GraphicsDriverUnknownU9ueyEhSkF4","src\libs\libGraphicsDriver.cpp","314","false","false"
"X-Nm5KLREeg","sceAgcDriverRegisterOwner","libSceAgc","sharpemu","Gen5::GraphicsDriverRegisterOwner","src\libs\libGraphicsDriver.cpp","188","false","false"
"W5z4eZrjEas","sceAgcDriverRegisterResource","libSceAgc","sharpemu","Gen5::GraphicsDriverRegisterResource","src\libs\libGraphicsDriver.cpp","189","false","false"
"-KRzWekV120","sceAgcDriverUnknown_KRzWekV120","libSceAgc","sharpemu","Gen5::GraphicsUnknownKRzWekV120","src\libs\libGraphicsDriver.cpp","263","false","false"
"pWLG7WOpVcw","sceAgcDriverUnregisterResource","libSceAgc","sharpemu","Gen5::GraphicsDriverUnregisterResource","src\libs\libGraphicsDriver.cpp","190","false","false"
"V++UgBtQhn0","sceAgcGetDataPacketPayloadAddress","libSceAgc","sharpemu","Gen5::GraphicsGetDataPacketPayloadAddress","src\libs\libGraphicsDriver.cpp","174","false","false"
"BfBDZGbti7A","sceAgcGetIsTrinityMode","libSceAgc","sharpemu","Gen5::GraphicsGetIsTrinityMode","src\libs\libGraphicsDriver.cpp","181","false","false"
"0fWWK5uG9rQ","sceAgcQueueEndOfPipeActionPatchAddress","libSceAgc","sharpemu","Gen5::GraphicsQueueEndOfPipeActionPatchAddress","src\libs\libGraphicsDriver.cpp","279","false","false"
"MlEw1feXcjg","sceAgcQueueEndOfPipeActionPatchData","libSceAgc","sharpemu","Gen5::GraphicsQueueEndOfPipeActionPatchData","src\libs\libGraphicsDriver.cpp","280","false","false"
"d-6uF9sZDIU","sceAgcSetCxRegIndirectPatchAddRegisters","libSceAgc","sharpemu","Gen5::GraphicsSetCxRegIndirectPatchAddRegisters","src\libs\libGraphicsDriver.cpp","168","false","false"
"vcmNN+AAXnY","sceAgcSetCxRegIndirectPatchSetAddress","libSceAgc","sharpemu","Gen5::GraphicsSetCxRegIndirectPatchSetAddress","src\libs\libGraphicsDriver.cpp","162","false","false"
"w6Dj1VJt5qY","sceAgcSetPacketPredication","libSceAgc","sharpemu","Gen5::GraphicsSetPacketPredication","src\libs\libGraphicsDriver.cpp","267","false","false"
"z2duB-hHQSM","sceAgcSetShRegIndirectPatchAddRegisters","libSceAgc","sharpemu","Gen5::GraphicsSetShRegIndirectPatchAddRegisters","src\libs\libGraphicsDriver.cpp","169","false","false"
"Qrj4c+61z4A","sceAgcSetShRegIndirectPatchSetAddress","libSceAgc","sharpemu","Gen5::GraphicsSetShRegIndirectPatchSetAddress","src\libs\libGraphicsDriver.cpp","163","false","false"
"vRoArM9zaIk","sceAgcSetUcRegIndirectPatchAddRegisters","libSceAgc","sharpemu","Gen5::GraphicsSetUcRegIndirectPatchAddRegisters","src\libs\libGraphicsDriver.cpp","170","false","false"
"6lNcCp+fxi4","sceAgcSetUcRegIndirectPatchSetAddress","libSceAgc","sharpemu","Gen5::GraphicsSetUcRegIndirectPatchSetAddress","src\libs\libGraphicsDriver.cpp","164","false","false"
"h9z6+0hEydk","sceAgcSuspendPoint","libSceAgc","sharpemu","Gen5::GraphicsSuspendPoint","src\libs\libGraphicsDriver.cpp","179","false","false"
"qj7QZpgr9Uw","sceAgcUnknownQj7QZpgr9Uw","libSceAgc","sharpemu","Gen5::GraphicsUnknownQj7QZpgr9Uw","src\libs\libGraphicsDriver.cpp","180","false","false"
"3KDcnM3lrcU","sceAgcWaitRegMemPatchAddress","libSceAgc","sharpemu","Gen5::GraphicsWaitRegMemPatchAddress","src\libs\libGraphicsDriver.cpp","277","false","false"
"7nOoijNPvEU","sceAgcWaitRegMemPatchReference","libSceAgc","sharpemu","Gen5::GraphicsWaitRegMemPatchReference","src\libs\libGraphicsDriver.cpp","278","false","false"
"fPSCdQxgpSw","sceAgcWriteDataPatchSetAddressOrOffset","libSceAgc","sharpemu","Gen5::GraphicsWriteDataPatchSetAddressOrOffset","src\libs\libGraphicsDriver.cpp","176","false","false"
"w2rJhmD+dsE","sceAgcDriverAddEqEvent","libSceAgcDriver","sharpemu","Gen5Driver::GraphicsDriverAddEqEvent","src\libs\libGraphicsDriver.cpp","307","false","false"
"gSRnr79F8tQ","sceAgcDriverSubmitAcb","libSceAgcDriver","sharpemu","Gen5Driver::GraphicsDriverSubmitAcb","src\libs\libGraphicsDriver.cpp","305","false","false"
"UglJIZjGssM","sceAgcDriverSubmitDcb","libSceAgcDriver","sharpemu","Gen5Driver::GraphicsDriverSubmitDcb","src\libs\libGraphicsDriver.cpp","299","false","false"
"a8uLzYY--tM","sceAmprAprCommandBufferConstructor","libSceAmpr","sharpemu","Ampr::AprCommandBufferConstructor","src\libs\libAmpr.cpp","2655","false","false"
"Qs1xtplKo0U","sceAmprAprCommandBufferDestructor","libSceAmpr","sharpemu","Ampr::AprCommandBufferDestructor","src\libs\libAmpr.cpp","2656","false","false"
"mQ16-QdKv7k","sceAmprAprCommandBufferReadFile","libSceAmpr","sharpemu","Ampr::AprCommandBufferReadFile","src\libs\libAmpr.cpp","2723","false","false"
"ULvXMDz56po","sceAmprCommandBufferClearBuffer","libSceAmpr","sharpemu","Ampr::CommandBufferClearBuffer","src\libs\libAmpr.cpp","2660","false","false"
"8aI7R7WaOlc","sceAmprCommandBufferConstructor","libSceAmpr","sharpemu","Ampr::CommandBufferConstructor","src\libs\libAmpr.cpp","2654","false","false"
"GuchCTefuZw","sceAmprCommandBufferDestructor","libSceAmpr","sharpemu","Ampr::CommandBufferDestructor","src\libs\libAmpr.cpp","2657","false","false"
"GnxKOHEawhk","sceAmprCommandBufferGetCurrentOffset","libSceAmpr","sharpemu","Ampr::CommandBufferGetCurrentOffset","src\libs\libAmpr.cpp","2720","false","false"
"gzndltBEzWc","sceAmprCommandBufferGetNumCommands","libSceAmpr","sharpemu","Ampr::CommandBufferGetNumCommands","src\libs\libAmpr.cpp","2663","false","false"
"tZDDEo2tE5k","sceAmprCommandBufferGetSize","libSceAmpr","sharpemu","Ampr::CommandBufferGetSize","src\libs\libAmpr.cpp","2719","false","false"
"baQO9ez2gL4","sceAmprCommandBufferReset","libSceAmpr","sharpemu","Ampr::CommandBufferReset","src\libs\libAmpr.cpp","2659","false","false"
"N-FSPA4S3nI","sceAmprCommandBufferSetBuffer","libSceAmpr","sharpemu","Ampr::CommandBufferSetBuffer","src\libs\libAmpr.cpp","2658","false","false"
"H896Pt-yB4I","sceAmprCommandBufferWriteKernelEventQueue_04_00","libSceAmpr","sharpemu","Ampr::CommandBufferWriteKernelEventQueue","src\libs\libAmpr.cpp","2721","false","false"
"vWU-odnS+fU","sceAmprMeasureCommandSizeReadFile","libSceAmpr","sharpemu","Ampr::MeasureCommandSizeReadFile","src\libs\libAmpr.cpp","2685","false","false"
"sSAUCCU1dv4","sceAmprMeasureCommandSizeWriteKernelEventQueue_04_00","libSceAmpr","sharpemu","Ampr::MeasureCommandSizeWriteKernelEventQueue","src\libs\libAmpr.cpp","2686","false","false"
"99b82IKXpH4","sceAppContentAppParamGetInt","libSceAppContent","sharpemu","AppContent::AppContentAppParamGetInt","src\libs\libAppContent.cpp","247","false","false"
"R9lA82OraNs","sceAppContentInitialize","libSceAppContent","sharpemu","AppContent::AppContentInitialize","src\libs\libAppContent.cpp","246","false","false"
"PE2zHMqLSHs","sceAudioOut2ContextAdvance","libSceAudioOut2","sharpemu","AudioOut2::AudioOut2ContextAdvance","src\libs\libAudio.cpp","146","false","false"
"0x6o1VVAYSY","sceAudioOut2ContextCreate","libSceAudioOut2","sharpemu","AudioOut2::AudioOut2ContextCreate","src\libs\libAudio.cpp","143","false","false"
"on6ZH7Abo10","sceAudioOut2ContextDestroy","libSceAudioOut2","sharpemu","AudioOut2::AudioOut2ContextDestroy","src\libs\libAudio.cpp","144","false","false"
"R7d0F1g2qsU","sceAudioOut2ContextGetQueueLevel","libSceAudioOut2","sharpemu","AudioOut2::AudioOut2ContextGetQueueLevel","src\libs\libAudio.cpp","148","false","false"
"aII9h5nli9U","sceAudioOut2ContextPush","libSceAudioOut2","sharpemu","AudioOut2::AudioOut2ContextPush","src\libs\libAudio.cpp","147","false","false"
"pDmme7Bgm6E","sceAudioOut2ContextQueryMemory","libSceAudioOut2","sharpemu","AudioOut2::AudioOut2ContextQueryMemory","src\libs\libAudio.cpp","141","false","false"
"t5YrizufpQc","sceAudioOut2ContextResetParam","libSceAudioOut2","sharpemu","AudioOut2::AudioOut2ContextResetParam","src\libs\libAudio.cpp","142","false","false"
"DImz2Ft9E2g","sceAudioOut2GetSpeakerInfo","libSceAudioOut2","sharpemu","AudioOut2::AudioOut2GetSpeakerInfo","src\libs\libAudio.cpp","161","false","false"
"g2tViFIohHE","sceAudioOut2Initialize","libSceAudioOut2","sharpemu","AudioOut2::AudioOut2Initialize","src\libs\libAudio.cpp","140","false","false"
"JK2wamZPzwM","sceAudioOut2PortCreate","libSceAudioOut2","sharpemu","AudioOut2::AudioOut2PortCreate","src\libs\libAudio.cpp","149","false","false"
"cd+Rtw+D1x8","sceAudioOut2PortDestroy","libSceAudioOut2","sharpemu","AudioOut2::AudioOut2PortDestroy","src\libs\libAudio.cpp","150","false","false"
"gatEUKG+Ea4","sceAudioOut2PortGetState","libSceAudioOut2","sharpemu","AudioOut2::AudioOut2PortGetState","src\libs\libAudio.cpp","152","false","false"
"8XTArSPyWHk","sceAudioOut2PortSetAttributes","libSceAudioOut2","sharpemu","AudioOut2::AudioOut2PortSetAttributes","src\libs\libAudio.cpp","151","false","false"
"xywYcRB7nbQ","sceAudioOut2UserCreate","libSceAudioOut2","sharpemu","AudioOut2::AudioOut2UserCreate","src\libs\libAudio.cpp","154","false","false"
"IaZXJ9M79uo","sceAudioOut2UserDestroy","libSceAudioOut2","sharpemu","AudioOut2::AudioOut2UserDestroy","src\libs\libAudio.cpp","155","false","false"
"8bI5h8req30","sceAudioPropagationRoomCreate","libSceAudioPropagation","sharpemu","LibAudioPropagation::AudioPropagationRoomCreate","src\libs\libAudio.cpp","107","false","false"
"aNEqtSHdUSo","sceAudioPropagationSystemCreate","libSceAudioPropagation","sharpemu","LibAudioPropagation::AudioPropagationSystemCreate","src\libs\libAudio.cpp","106","false","false"
"ht-QXT3zGxo","sceAudioPropagationSystemGetRays","libSceAudioPropagation","sharpemu","LibAudioPropagation::AudioPropagationSystemGetRays","src\libs\libAudio.cpp","110","false","false"
"7xyAxrusLko","sceAudioPropagationSystemQueryMemory","libSceAudioPropagation","sharpemu","LibAudioPropagation::AudioPropagationSystemQueryMemory","src\libs\libAudio.cpp","105","false","false"
"CPLV6G-eXmk","sceAudioPropagationSystemRegisterMaterial","libSceAudioPropagation","sharpemu","LibAudioPropagation::AudioPropagationSystemRegisterMaterial","src\libs\libAudio.cpp","108","false","false"
"kIdb+iQUzCs","sceAudioPropagationSystemSetAttributes","libSceAudioPropagation","sharpemu","LibAudioPropagation::AudioPropagationSystemSetAttributes","src\libs\libAudio.cpp","109","false","false"
"KMcEa+rHsIo","sceAvPlayerAddSource","libSceAvPlayer","sharpemu","AvPlayer::AvPlayerAddSource","src\libs\libAudio.cpp","591","false","false"
"NkJwDzKmIlw","sceAvPlayerClose","libSceAvPlayer","sharpemu","AvPlayer::AvPlayerClose","src\libs\libAudio.cpp","614","false","false"
"ODJK2sn9w4A","sceAvPlayerEnableStream","libSceAvPlayer","sharpemu","AvPlayer::AvPlayerEnableStream","src\libs\libAudio.cpp","597","false","false"
"d8FcbzfAdQw","sceAvPlayerGetStreamInfo","libSceAvPlayer","sharpemu","AvPlayer::AvPlayerGetStreamInfo","src\libs\libAudio.cpp","594","false","false"
"JdksQu8pNdQ","sceAvPlayerGetVideoDataEx","libSceAvPlayer","sharpemu","AvPlayer::AvPlayerGetVideoDataEx","src\libs\libAudio.cpp","609","false","false"
"aS66RI0gGgo","sceAvPlayerInit","libSceAvPlayer","sharpemu","AvPlayer::AvPlayerInit","src\libs\libAudio.cpp","588","false","false"
"UbQoYawOsfY","sceAvPlayerIsActive","libSceAvPlayer","sharpemu","AvPlayer::AvPlayerIsActive","src\libs\libAudio.cpp","611","false","false"
"XC9wM+xULz8","sceAvPlayerJumpToTime","libSceAvPlayer","sharpemu","AvPlayer::AvPlayerJumpToTime","src\libs\libAudio.cpp","613","false","false"
"9y5v+fGN4Wk","sceAvPlayerPause","libSceAvPlayer","sharpemu","AvPlayer::AvPlayerPause","src\libs\libAudio.cpp","602","false","false"
"HD1YKVU26-M","sceAvPlayerPostInit","libSceAvPlayer","sharpemu","AvPlayer::AvPlayerPostInit","src\libs\libAudio.cpp","590","false","false"
"w5moABNwnRY","sceAvPlayerResume","libSceAvPlayer","sharpemu","AvPlayer::AvPlayerResume","src\libs\libAudio.cpp","603","false","false"
"k-q+xOxdc3E","sceAvPlayerSetAvSyncMode","libSceAvPlayer","sharpemu","AvPlayer::AvPlayerSetAvSyncMode","src\libs\libAudio.cpp","604","false","false"
"OVths0xGfho","sceAvPlayerSetLooping","libSceAvPlayer","sharpemu","AvPlayer::AvPlayerSetLooping","src\libs\libAudio.cpp","606","false","false"
"ET4Gr-Uu07s","sceAvPlayerStart","libSceAvPlayer","sharpemu","AvPlayer::AvPlayerStart","src\libs\libAudio.cpp","599","false","false"
"ZC17w3vB5Lo","sceAvPlayerStop","libSceAvPlayer","sharpemu","AvPlayer::AvPlayerStop","src\libs\libAudio.cpp","601","false","false"
"hdTyRzCXQeQ","sceAvPlayerStreamCount","libSceAvPlayer","sharpemu","AvPlayer::AvPlayerStreamCount","src\libs\libAudio.cpp","593","false","false"
"uoUpLGNkygk","sceCommonDialogInitialize","libSceCommonDialog","sharpemu","CommonDialog::CommonDialogInitialize","src\libs\libDialog.cpp","15","false","false"
"0GnN4QCgIfs","sceContentExportInit2","libSceContentExport","sharpemu","ContentExport::ContentExportInit2","src\libs\libs.cpp","154","false","false"
"hVYD7Ou2pCQ","_sceFiberInitializeImpl","libSceFiber","sharpemu","Fiber::FiberInitialize","src\libs\libKernel.cpp","2741","false","false"
"JeNX5F-NzQU","sceFiberFinalize","libSceFiber","sharpemu","Fiber::FiberFinalize","src\libs\libKernel.cpp","2744","false","false"
"B0ZX2hx9DMw","sceFiberReturnToThread","libSceFiber","sharpemu","Fiber::FiberReturnToThread","src\libs\libKernel.cpp","2748","false","false"
"a0LLrZWac0M","sceFiberRun","libSceFiber","sharpemu","Fiber::FiberRun","src\libs\libKernel.cpp","2745","false","false"
"PFT2S-tJ7Uk","sceFiberSwitch","libSceFiber","sharpemu","Fiber::FiberSwitch","src\libs\libKernel.cpp","2746","false","false"
"0gYjPTR-6cY","sceHttpCreateTemplate","libSceHttp","sharpemu","Http::HttpCreateTemplate","src\libs\libNet.cpp","610","false","false"
"4I8vEpuEhZ8","sceHttpDeleteTemplate","libSceHttp","sharpemu","Http::HttpDeleteTemplate","src\libs\libNet.cpp","611","false","false"
"A9cVMUtEp4Y","sceHttpInit","libSceHttp","sharpemu","Http::HttpInit","src\libs\libNet.cpp","608","false","false"
"Ik-KpLTlf7Q","sceHttpTerm","libSceHttp","sharpemu","Http::HttpTerm","src\libs\libNet.cpp","609","false","false"
"3JCe3lCbQ8A","sceHttp2Init","libSceHttp2","sharpemu","LibHttp2::Http2Init","src\libs\libNet.cpp","1312","false","false"
"YiBUtz-pGkc","sceHttp2Term","libSceHttp2","sharpemu","LibHttp2::Http2Term","src\libs\libNet.cpp","1313","false","false"
"eaFXjfJv3xs","sceImeKeyboardOpen","libSceIme","sharpemu","LibIme::ImeKeyboardOpen","src\libs\libNet.cpp","3826","false","false"
"-4GCfYdNF1s","sceImeUpdate","libSceIme","sharpemu","LibIme::ImeUpdate","src\libs\libNet.cpp","3831","false","false"
"Cxwy7wHq4J0","_ZN3sce4Json11Initializer10initializeEPKNS0_13InitParameterE","libSceJson","sharpemu","LibJson2::JsonInitializerInitializeV1","src\libs\libJson2.cpp","936","false","false"
"cK6bYHf-Q5E","_ZN3sce4Json11InitializerC1Ev","libSceJson","sharpemu","LibJson2::JsonInitializerCtor","src\libs\libJson2.cpp","934","false","false"
"RujUxbr3haM","_ZN3sce4Json11InitializerD1Ev","libSceJson","sharpemu","LibJson2::JsonInitializerDtor","src\libs\libJson2.cpp","938","false","false"
"-hJRce8wn1U","_ZN3sce4Json12MemAllocatorC2Ev","libSceJson","sharpemu","LibJson2::JsonMemAllocatorCtor","src\libs\libJson2.cpp","927","false","false"
"OcAgPxcq5Vk","_ZN3sce4Json12MemAllocatorD2Ev","libSceJson","sharpemu","LibJson2::JsonMemAllocatorDtor","src\libs\libJson2.cpp","939","false","false"
"5yHuiWXo2gg","_ZN3sce4Json5Value3setEb","libSceJson","sharpemu","LibJson2::JsonValueSetBool","src\libs\libJson2.cpp","977","false","false"
"BSmWDIkV4w4","_ZN3sce4Json5Value3setEd","libSceJson","sharpemu","LibJson2::JsonValueSetDouble","src\libs\libJson2.cpp","980","false","false"
"QxVVYhP-mvg","_ZN3sce4Json5Value3setEl","libSceJson","sharpemu","LibJson2::JsonValueSetInt","src\libs\libJson2.cpp","978","false","false"
"SIe1ZmW7e7s","_ZN3sce4Json5Value3setEm","libSceJson","sharpemu","LibJson2::JsonValueSetUInt","src\libs\libJson2.cpp","979","false","false"
"IKQimvG9Wqs","_ZN3sce4Json5Value3setENS0_9ValueTypeE","libSceJson","sharpemu","LibJson2::JsonValueSetType","src\libs\libJson2.cpp","984","false","false"
"6l3Bv2gysNc","_ZN3sce4Json5Value3setERKNS0_6StringE","libSceJson","sharpemu","LibJson2::JsonValueSetString","src\libs\libJson2.cpp","981","false","false"
"4zrm6VrgIAw","_ZN3sce4Json5ValueaSERKS1_","libSceJson","sharpemu","LibJson2::JsonValueAssign","src\libs\libJson2.cpp","951","false","false"
"UeuWT+yNdCQ","_ZN3sce4Json5ValueC1Eb","libSceJson","sharpemu","LibJson2::JsonValueBoolCtor","src\libs\libJson2.cpp","963","false","false"
"sOmU4vnx3s0","_ZN3sce4Json5ValueC1Ed","libSceJson","sharpemu","LibJson2::JsonValueDoubleCtor","src\libs\libJson2.cpp","975","false","false"
"0lLK8+kDqmE","_ZN3sce4Json5ValueC1El","libSceJson","sharpemu","LibJson2::JsonValueIntCtor","src\libs\libJson2.cpp","957","false","false"
"b9V6fmppLXY","_ZN3sce4Json5ValueC1EPKc","libSceJson","sharpemu","LibJson2::JsonValueCStringCtor","src\libs\libJson2.cpp","966","false","false"
"sZIoMRGO+jk","_ZN3sce4Json5ValueC1ERKNS0_6StringE","libSceJson","sharpemu","LibJson2::JsonValueStringCtor","src\libs\libJson2.cpp","949","false","false"
"qBMjqyBn3OM","_ZN3sce4Json5ValueC1Ev","libSceJson","sharpemu","LibJson2::JsonValueCtor","src\libs\libJson2.cpp","940","false","false"
"WTtYf+cNnXI","_ZN3sce4Json5ValueD1Ev","libSceJson","sharpemu","LibJson2::JsonValueDtor","src\libs\libJson2.cpp","942","false","false"
"S5JxQnoGF3E","_ZN3sce4Json6Parser5parseERNS0_5ValueEPKcm","libSceJson","sharpemu","LibJson2::JsonParserParse","src\libs\libJson2.cpp","944","false","false"
"9KUZFjI1IxA","_ZN3sce4Json6StringC1EPKc","libSceJson","sharpemu","LibJson2::JsonStringCStringCtor","src\libs\libJson2.cpp","982","false","false"
"qSmqLXXCPas","_ZN3sce4Json6StringC1Ev","libSceJson","sharpemu","LibJson2::JsonStringCtor","src\libs\libJson2.cpp","972","false","false"
"cG1VE2HMl6c","_ZN3sce4Json6StringD1Ev","libSceJson","sharpemu","LibJson2::JsonStringDtor","src\libs\libJson2.cpp","983","false","false"
"zTwZdI8AZ5Y","_ZNK3sce4Json5Value10getBooleanEv","libSceJson","sharpemu","LibJson2::JsonValueGetBoolean","src\libs\libJson2.cpp","959","false","false"
"DIxvoy7Ngvk","_ZNK3sce4Json5Value10getIntegerEv","libSceJson","sharpemu","LibJson2::JsonValueGetInteger","src\libs\libJson2.cpp","971","false","false"
"RBw+4NukeGQ","_ZNK3sce4Json5Value5countEv","libSceJson","sharpemu","LibJson2::JsonValueCount","src\libs\libJson2.cpp","985","false","false"
"3qrge7L-AU4","_ZNK3sce4Json5Value7getRealEv","libSceJson","sharpemu","LibJson2::JsonValueGetReal","src\libs\libJson2.cpp","974","false","false"
"SHtAad20YYM","_ZNK3sce4Json5Value7getTypeEv","libSceJson","sharpemu","LibJson2::JsonValueGetType","src\libs\libJson2.cpp","970","false","false"
"XlWbvieLj2M","_ZNK3sce4Json5ValueixEm","libSceJson","sharpemu","LibJson2::JsonValueIndexUInt","src\libs\libJson2.cpp","968","false","false"
"HwDt5lD9Bfo","_ZNK3sce4Json5ValueixEPKc","libSceJson","sharpemu","LibJson2::JsonValueIndexString","src\libs\libJson2.cpp","945","false","false"
"L1KAkYWml-M","_ZNK3sce4Json6String5c_strEv","libSceJson","sharpemu","LibJson2::JsonStringCStr","src\libs\libJson2.cpp","947","false","false"
"al3JzFI9MQ0","sceLibcInternalHeapErrorReportForGame","libSceLibcInternal","sharpemu","LibcInternal::LibcHeapErrorReportForGame","src\libs\libC.cpp","857","false","false"
"Qs0wWulgl7U","sceMouseInit","libSceMouse","sharpemu","Mouse::MouseInit","src\libs\libPad.cpp","293","false","false"
"RaqxZIf6DvE","sceMouseOpen","libSceMouse","sharpemu","Mouse::MouseOpen","src\libs\libPad.cpp","294","false","false"
"x8qnXqh-tiM","sceMouseRead","libSceMouse","sharpemu","Mouse::MouseRead","src\libs\libPad.cpp","295","false","false"
"Lr8ovHH9l6A","sceMsgDialogGetResult","libSceMsgDialog","sharpemu","MsgDialog::MsgDialogGetResult","src\libs\libDialog.cpp","114","false","false"
"lDqxaY1UbEo","sceMsgDialogInitialize","libSceMsgDialog","sharpemu","MsgDialog::MsgDialogInitialize","src\libs\libDialog.cpp","116","false","false"
"b06Hh0DPEaE","sceMsgDialogOpen","libSceMsgDialog","sharpemu","MsgDialog::MsgDialogOpen","src\libs\libDialog.cpp","117","false","false"
"ePw-kqZmelo","sceMsgDialogTerminate","libSceMsgDialog","sharpemu","MsgDialog::MsgDialogTerminate","src\libs\libDialog.cpp","121","false","false"
"6fIC3XKt2k0","sceMsgDialogUpdateStatus","libSceMsgDialog","sharpemu","MsgDialog::MsgDialogUpdateStatus","src\libs\libDialog.cpp","122","false","false"
"PIWqhn9oSxc","sceNetAccept","libSceNet","sharpemu","LibNet::NetAccept","src\libs\libNet.cpp","185","false","false"
"bErx49PgxyY","sceNetBind","libSceNet","sharpemu","LibNet::NetBind","src\libs\libNet.cpp","186","false","false"
"HQOwnfMGipQ","sceNetErrnoLoc","libSceNet","sharpemu","LibNet::GetNetErrorAddr","src\libs\libNet.cpp","184","false","false"
"iWQWrwiSt8A","sceNetHtons","libSceNet","sharpemu","LibNet::NetHtons","src\libs\libNet.cpp","206","false","false"
"kOj1HiAGE54","sceNetListen","libSceNet","sharpemu","LibNet::NetListen","src\libs\libNet.cpp","200","false","false"
"Rbvt+5Y2iEw","sceNetNtohs","libSceNet","sharpemu","LibNet::NetNtohs","src\libs\libNet.cpp","208","false","false"
"dgJBaeJnGpo","sceNetPoolCreate","libSceNet","sharpemu","LibNet::NetPoolCreate","src\libs\libNet.cpp","187","false","false"
"K7RlrTkI-mw","sceNetPoolDestroy","libSceNet","sharpemu","LibNet::NetPoolDestroy","src\libs\libNet.cpp","188","false","false"
"2mKX2Spso7I","sceNetSetsockopt","libSceNet","sharpemu","LibNet::NetSetsockopt","src\libs\libNet.cpp","204","false","false"
"Q4qBuN-c0ZM","sceNetSocket","libSceNet","sharpemu","LibNet::NetSocket","src\libs\libNet.cpp","202","false","false"
"45ggEzakPJQ","sceNetSocketClose","libSceNet","sharpemu","LibNet::NetSocketClose","src\libs\libNet.cpp","203","false","false"
"gky0+oaNM4k","sceNetCtlInit","libSceNetCtl","sharpemu","NetCtl::NetCtlInit","src\libs\libNet.cpp","1352","false","false"
"jO8DM8oyego","sceNpEntitlementAccessInitialize","libSceNpEntitlementAccess","sharpemu","LibNpEntitlementAccess::NpEntitlementAccessInitialize","src\libs\libNet.cpp","1534","false","false"
"m87BHxt-H60","sceNpGameIntentInitialize","libSceNpGameIntent","sharpemu","LibNpGameIntent::NpGameIntentInitialize","src\libs\libNet.cpp","3173","false","false"
"3Zl8BePTh9Y","sceNpCheckCallback","libSceNpManager","sharpemu","NpManager::NpCheckCallback","src\libs\libNet.cpp","1373","false","false"
"JT+t00a3TxA","sceNpGetAccountCountryA","libSceNpManager","sharpemu","NpManager::NpGetAccountCountryA","src\libs\libNet.cpp","1386","false","false"
"rbknaUjpqWo","sceNpGetAccountIdA","libSceNpManager","sharpemu","NpManager::NpGetAccountIdA","src\libs\libNet.cpp","1385","false","false"
"XDncXQIJUSk","sceNpGetOnlineId","libSceNpManager","sharpemu","NpManager::NpGetOnlineId","src\libs\libNet.cpp","1384","false","false"
"ysmw6J-P8Ak","sceNpSessionSignalingInitialize","libSceNpSessionSignaling","sharpemu","NpSessionSignalingInitialize","src\libs\libNet.cpp","1415","false","false"
"Bagshr7OQ6Q","sceNpTrophy2CreateContext","libSceNpTrophy2","sharpemu","LibNpTrophy2::NpTrophy2CreateContext","src\libs\libNet.cpp","2171","false","false"
"Gz1rmUZpROM","sceNpTrophy2CreateHandle","libSceNpTrophy2","sharpemu","LibNpTrophy2::NpTrophy2CreateHandle","src\libs\libNet.cpp","2172","false","false"
"sysY2FHYff4","sceNpTrophy2DestroyContext","libSceNpTrophy2","sharpemu","LibNpTrophy2::NpTrophy2DestroyContext","src\libs\libNet.cpp","2185","false","false"
"d8P11CI40KE","sceNpTrophy2DestroyHandle","libSceNpTrophy2","sharpemu","LibNpTrophy2::NpTrophy2DestroyHandle","src\libs\libNet.cpp","2184","false","false"
"bIDov3wBu5Q","sceNpTrophy2RegisterContext","libSceNpTrophy2","sharpemu","LibNpTrophy2::NpTrophy2RegisterContext","src\libs\libNet.cpp","2173","false","false"
"5zBnau1uIEo","sceNpUniversalDataSystemCreateContext","libSceNpUniversalDataSystem","sharpemu","LibNpUniversalDataSystem::NpUniversalDataSystemCreateContext","src\libs\libNet.cpp","2844","false","false"
"p+GcLqwpL9M","sceNpUniversalDataSystemCreateEvent","libSceNpUniversalDataSystem","sharpemu","LibNpUniversalDataSystem::NpUniversalDataSystemCreateEvent","src\libs\libNet.cpp","2846","false","false"
"hT0IAEvN+M0","sceNpUniversalDataSystemCreateHandle","libSceNpUniversalDataSystem","sharpemu","LibNpUniversalDataSystem::NpUniversalDataSystemCreateHandle","src\libs\libNet.cpp","2845","false","false"
"wG+84pnNIuo","sceNpUniversalDataSystemDestroyEvent","libSceNpUniversalDataSystem","sharpemu","LibNpUniversalDataSystem::NpUniversalDataSystemDestroyEvent","src\libs\libNet.cpp","2854","false","false"
"AUIHb7jUX3I","sceNpUniversalDataSystemDestroyHandle","libSceNpUniversalDataSystem","sharpemu","LibNpUniversalDataSystem::NpUniversalDataSystemDestroyHandle","src\libs\libNet.cpp","2848","false","false"
"sjaobBgqeB4","sceNpUniversalDataSystemInitialize","libSceNpUniversalDataSystem","sharpemu","LibNpUniversalDataSystem::NpUniversalDataSystemInitialize","src\libs\libNet.cpp","2843","false","false"
"CzkKf7ahIyU","sceNpUniversalDataSystemPostEvent","libSceNpUniversalDataSystem","sharpemu","LibNpUniversalDataSystem::NpUniversalDataSystemPostEvent","src\libs\libNet.cpp","2847","false","false"
"tpFJ8LIKvPw","sceNpUniversalDataSystemRegisterContext","libSceNpUniversalDataSystem","sharpemu","LibNpUniversalDataSystem::NpUniversalDataSystemRegisterContext","src\libs\libNet.cpp","2855","false","false"
"sk54bi6FtYM","sceNpWebApi2CreateUserContext","libSceNpWebApi2","sharpemu","LibNpWebApi2::NpWebApi2CreateUserContext","src\libs\libNet.cpp","3504","false","false"
"+o9816YQhqQ","sceNpWebApi2Initialize","libSceNpWebApi2","sharpemu","LibNpWebApi2::NpWebApi2Initialize","src\libs\libNet.cpp","3502","false","false"
"WV1GwM32NgY","sceNpWebApi2PushEventCreateHandle","libSceNpWebApi2","sharpemu","LibNpWebApi2::NpWebApi2PushEventCreateHandle","src\libs\libNet.cpp","3503","false","false"
"bEvXpcEk200","sceNpWebApi2Terminate","libSceNpWebApi2","sharpemu","LibNpWebApi2::NpWebApi2Terminate","src\libs\libNet.cpp","3519","false","false"
"6ncge5+l5Qs","scePadClose","libScePad","sharpemu","PadClose","src\libs\libPad.cpp","210","false","false"
"gjP9-KQzoUk","scePadGetControllerInformation","libScePad","sharpemu","Controller::PadGetControllerInformation","src\libs\libPad.cpp","200","false","false"
"znaWI0gpuo8","scePadGetTriggerEffectState","libScePad","sharpemu","PadGetTriggerEffectState","src\libs\libPad.cpp","207","false","false"
"hv1luiJrqQM","scePadInit","libScePad","sharpemu","Controller::PadInit","src\libs\libPad.cpp","191","false","false"
"xk0AcarP3V4","scePadOpen","libScePad","sharpemu","Controller::PadOpen","src\libs\libPad.cpp","192","false","false"
"q1cHNfGycLI","scePadRead","libScePad","sharpemu","Controller::PadRead","src\libs\libPad.cpp","203","false","false"
"RR4novUEENY","scePadSetLightBar","libScePad","sharpemu","Controller::PadSetLightBar","src\libs\libPad.cpp","209","false","false"
"vDLMoJLde8I","scePadSetTiltCorrectionState","libScePad","sharpemu","PadSetTiltCorrectionState","src\libs\libPad.cpp","199","false","false"
"2JgFB2n9oUM","scePadSetTriggerEffect","libScePad","sharpemu","PadSetTriggerEffect","src\libs\libPad.cpp","201","false","false"
"yFVnOdGxvZY","scePadSetVibration","libScePad","sharpemu","Controller::PadSetVibration","src\libs\libPad.cpp","204","false","false"
"Uco1I0dlDi8","scePlayGoClose","libScePlayGo","sharpemu","PlayGo::PlayGoClose","src\libs\libPlayGo.cpp","441","false","false"
"73fF1MFU8hA","scePlayGoGetChunkId","libScePlayGo","sharpemu","PlayGo::PlayGoGetChunkId","src\libs\libPlayGo.cpp","445","false","false"
"Nn7zKwnA5q0","scePlayGoGetToDoList","libScePlayGo","sharpemu","PlayGo::PlayGoGetToDoList","src\libs\libPlayGo.cpp","446","false","false"
"ts6GlZOKRrE","scePlayGoInitialize","libScePlayGo","sharpemu","PlayGo::PlayGoInitialize","src\libs\libPlayGo.cpp","438","false","false"
"M1Gma1ocrGE","scePlayGoOpen","libScePlayGo","sharpemu","PlayGo::PlayGoOpen","src\libs\libPlayGo.cpp","440","false","false"
"4AAcTU9R3XM","scePlayGoSetInstallSpeed","libScePlayGo","sharpemu","PlayGo::PlayGoSetInstallSpeed","src\libs\libPlayGo.cpp","444","false","false"
"MPe0EeBGM-E","scePlayGoTerminate","libScePlayGo","sharpemu","PlayGo::PlayGoTerminate","src\libs\libPlayGo.cpp","439","false","false"
"M1TvFst-jrM","sceRtcConvertUtcToLocalTime","libSceRtc","sharpemu","Rtc::RtcConvertUtcToLocalTime","src\libs\libRtc.cpp","562","false","false"
"ZPD1YOKI+Kw","sceRtcGetCurrentClockLocalTime","libSceRtc","sharpemu","Rtc::RtcGetCurrentClockLocalTime","src\libs\libRtc.cpp","565","false","false"
"zO9UL3qIINQ","sceRtcGetCurrentNetworkTick","libSceRtc","sharpemu","Rtc::RtcGetCurrentNetworkTick","src\libs\libRtc.cpp","567","false","false"
"18B2NS1y9UU","sceRtcGetCurrentTick","libSceRtc","sharpemu","Rtc::RtcGetCurrentTick","src\libs\libRtc.cpp","566","false","false"
"ueega6v3GUw","sceRtcSetTick","libSceRtc","sharpemu","Rtc::RtcSetTick","src\libs\libRtc.cpp","577","false","false"
"bDEVVP4bTjQ","sceRtcSetTime_t","libSceRtc","sharpemu","Rtc::RtcSetTime_t","src\libs\libRtc.cpp","578","false","false"
"QwOO7vegnV8","sceSaveDataGetSaveDataMemory2","libSceSaveData","sharpemu","::Libs::SaveData::SaveDataGetSaveDataMemory2","src\libs\libSaveData.cpp","865","false","false"
"TywrFKCoLGY","sceSaveDataInitialize3","libSceSaveData","sharpemu","::Libs::SaveData::SaveDataInitialize3","src\libs\libSaveData.cpp","856","false","false"
"cduy9v4YmT4","sceSaveDataSetSaveDataMemory2","libSceSaveData","sharpemu","::Libs::SaveData::SaveDataSetSaveDataMemory2","src\libs\libSaveData.cpp","866","false","false"
"oQySEUfgXRA","sceSaveDataSetupSaveDataMemory2","libSceSaveData","sharpemu","::Libs::SaveData::SaveDataSetupSaveDataMemory2","src\libs\libSaveData.cpp","864","false","false"
"wiT9jeC7xPw","sceSaveDataSyncSaveDataMemory","libSceSaveData","sharpemu","::Libs::SaveData::SaveDataSyncSaveDataMemory","src\libs\libSaveData.cpp","867","false","false"
"yKDy8S5yLA0","sceSaveDataTerminate","libSceSaveData","sharpemu","::Libs::SaveData::SaveDataTerminate","src\libs\libSaveData.cpp","881","false","false"
"nBDD66kiFW8","sceShareInitialize","libSceShareUtility","sharpemu","LibShare::ShareInitialize","src\libs\libNet.cpp","3724","false","false"
"hdpVEUDFW3s","sceSslInit","libSceSsl","sharpemu","Ssl::SslInit","src\libs\libNet.cpp","220","false","false"
"0K1yQ6Lv-Yc","sceSslTerm","libSceSsl","sharpemu","Ssl::SslTerm","src\libs\libNet.cpp","221","false","false"
"fMP5NHUOaMk","sceSysmoduleIsLoaded","libSceSysmodule","sharpemu","Sysmodule::SysmoduleIsLoaded","src\libs\libSysmodule.cpp","72","false","false"
"g8cM39EUZ6o","sceSysmoduleLoadModule","libSceSysmodule","sharpemu","Sysmodule::SysmoduleLoadModule","src\libs\libSysmodule.cpp","71","false","false"
"eR2bZFAAU0Q","sceSysmoduleUnloadModule","libSceSysmodule","sharpemu","Sysmodule::SysmoduleUnloadModule","src\libs\libSysmodule.cpp","69","false","false"
"mPpPxv5CZt4","sceSystemServiceGetHdrToneMapLuminance","libSceSystemService","sharpemu","SystemService::SystemServiceGetHdrToneMapLuminance","src\libs\libSystemService.cpp","560","false","false"
"3RQ5aQfnstU","sceSystemServiceGetNoticeScreenSkipFlag","libSceSystemService","sharpemu","SystemService::SystemServiceGetNoticeScreenSkipFlag","src\libs\libSystemService.cpp","561","false","false"
"rPo6tV8D9bM","sceSystemServiceGetStatus","libSceSystemService","sharpemu","SystemService::SystemServiceGetStatus","src\libs\libSystemService.cpp","558","false","false"
"Vo5V8KAwCmk","sceSystemServiceHideSplashScreen","libSceSystemService","sharpemu","SystemService::SystemServiceHideSplashScreen","src\libs\libSystemService.cpp","554","false","false"
"-3Y5GO+-i78","sceUserServiceGetAccessibilityTriggerEffect","libSceUserService","sharpemu","UserService::UserServiceGetAccessibilityTriggerEffect","src\libs\libUserService.cpp","273","false","false"
"qWYHOFwqCxY","sceUserServiceGetAccessibilityVibration","libSceUserService","sharpemu","UserService::UserServiceGetAccessibilityVibration","src\libs\libUserService.cpp","272","false","false"
"yH17Q6NWtVg","sceUserServiceGetEvent","libSceUserService","sharpemu","UserService::UserServiceGetEvent","src\libs\libUserService.cpp","263","false","false"
"-sD02mFDBh4","sceUserServiceGetGamePresets","libSceUserService","sharpemu","UserService::UserServiceGetGamePresets","src\libs\libUserService.cpp","268","false","false"
"CdWp0oHWGr0","sceUserServiceGetInitialUser","libSceUserService","sharpemu","UserService::UserServiceGetInitialUser","src\libs\libUserService.cpp","262","false","false"
"fPhymKNvK-A","sceUserServiceGetLoginUserIdList","libSceUserService","sharpemu","UserService::UserServiceGetLoginUserIdList","src\libs\libUserService.cpp","264","false","false"
"D-CzAxQL0XI","sceUserServiceGetPlatformPrivacySetting","libSceUserService","sharpemu","UserService::UserServicePlatformPrivacyWs1Stub","src\libs\libUserService.cpp","276","false","false"
"1xxcMiGu2fo","sceUserServiceGetUserName","libSceUserService","sharpemu","UserService::UserServiceGetUserName","src\libs\libUserService.cpp","265","false","false"
"j3YMu1MVNNo","sceUserServiceInitialize","libSceUserService","sharpemu","UserService::UserServiceInitialize","src\libs\libUserService.cpp","260","false","false"
"HuViW4HnrOw","sceVideoOutSubmitChangeBufferAttribute2","libSceVideoOut","stubbed","VideoOut::VideoOutSubmitChangeBufferAttribute2","src\libs\libVideoOut.cpp","19","false","false"
